-- WorkflowSign PRODUCTION database export
  -- Generated: 2026-06-23T12:12:55.168Z
  -- PostgreSQL 16.10
  -- Tables: users, documents, recipients, signature_fields, document_events
  -- NOTE: Recipients and signature_fields are empty in production.
  --
  -- Restore: psql "$NEW_DATABASE_URL" < workflowsign_production.sql
  -- (Schema DDL must be applied first via 'pnpm --filter @workspace/db run push')

  SET client_encoding = 'UTF8';
  SET standard_conforming_strings = on;

  -- USERS
INSERT INTO users ("id", "name", "email", "password", "role", "created_at", "signature_data", "provider", "azure_id", "email_verified")
  VALUES ('51835e7d-a888-4228-9ddc-57ee83a91fd3', 'roni Hihi', 'roni.hihi@gmail.com', '$2b$10$Ci8fpT/Ie.Fy1JK8mg7jU.4BvsQH17lsV04b8PAvwmjr5pxVf.O6K', 'admin', '2026-05-06 11:52:56.957608', 'data:image/png;base64,iVBORw0KGgoAAAANSUhEUgAAAbcAAADICAYAAABrlK9LAAAQAElEQVR4AeydCcw0S1WGP5TlsssWkRgQARHUqKgoIAgiCIgkGpComIhihICIGBAFjCQiQtwRxERQg0EiaqKILCKBiIggistlE4hyw76vl8um73P/W//tr7/eZqZnppfnT52/u6tOVZ3zVHedr7p7Zr7oxH8SkIAEJCCBhREwuC1sQHVHAhKQgAROTgxungW7E7AFCUhAAhMjYHCb2IBojgQkIAEJ7E7A4LY7Q1uQgAR2J2ALEhiVgMFtVJw2JgEJSEACUyBgcJvCKGiDBCQgAQnsTqDSgsGtAsNdCUhAAhJYBgGD2zLGUS8kIAEJSKBCwOBWgeHuJgTUlYAEJDBdAga36Y6NlklAAhKQwJYEDG5bgrOaBCSwOwFbkMC+CBjc9kXWdiUgAQlI4GgEDG5HQ2/HEpCABCSwO4HmFgxuzVzMlYAEJCCBGRMwuM148DRdAhKQgASaCRjcmrmY20zAXAlIQAKzIGBwm8UwaaQEJCABCWxCwOC2CS11JSCB3QnYggQOQMDgdgDIdiEBCUhAAoclYHA7LG97k4AEJCCB3Qn0tmBw60WkggQkIAEJzI2AwW1uI6a9EpCABCTQS8Dg1otIBQlIQAISmBsBg9t+RuzVafbTkYdGTBKQgAQkcGACBrfxgd83TX5r5CqR342YJCCBExFI4LAEDG7j8ya4jd+qLUpAAhKQwGACBrfBqAYrfmGwpooSkIAEJDCYwCaKBrdNaA3T5VnbME21JCABCUhgLwQMbnvBOqjRi6PFKu/z2X4m8oMRkwQkIAEJjEDA4DYCxC2a+OLUuSByhQhjcKVsnxP5vxYhCFaFwBjVPSabloAEJDBjAkysMzZ/tqY/b0PLCYJVITASCAl4t9uwLdUlIAEJLJ6Awe04Q/z96ZbglM1OiYD3qrRAkPtstiYJTImAtkjgaAQMbkdDfwJ7glORe8YUnr3xDI5gRfArkqLORBtXjAb61H1S9k0SkIAEVkuACXa1zk/M8RfFHj74TZDimRxjU4TgVRUCWNQbE3qPSQmBjkCZXZMEJCCBmRLY0mwmzy2rWu2IBAh+BLFbxQaCWDaNifGlnGB4SaOGmRKQgAQWSIDJb4FurcalN8VTxpBAR/AikCXrTKL8ysmlnFuf2TVJQAISWC4BJsblenccz47FlDco6ZtARhBr856PHVD+ubMK5khAAhJYBgEmw2V4Mh0vPj4BUxhXgtzHYguBLJsziVublPlc7gwaMyQggbkTYBKcuw/a307g2ilijG+fLYEsmzOJcsp4Lnem0AwJbEpAfQlMgQAT2xTs0Ib9EvinNM9Ys5ojkOXwTCplBrkzaMyQgATmRoAJb242a+9uBBjzEsiaWiplBDm/77KJkHkSkMCeCezePBPd7q3YwhwJMPYlkDXZTxnfd0mQe2WTgnkSkIAEpkqACW6qtmnXYQhwDhDICGJNPVJ2hxRQ/olsTRKQgAQmT4CJbfJGauBeCZTGeXuSQEYQK3nVLWVXTwbP7C7M1iQBCUhgsgQMbpMdmqMZVoJc14e9bx3r2oJgikwSkIAEjkvA4HZc/lPune+5ZLXW9rk9yljFTdkHbTsUAfuRwMQIGNwmNiATNOdasYlA9u5smxIBzlVcExnzJCCBoxEwuB0N/ew6vlEsJsgRzLJ7KpX8Z5zK9UACEpDAcAKjahrcRsW5isY4Z36oxdOfTL6ruEAwSUACxyXARHVcC+x9jgT+NEaX1Vp2T6WS7yruFBYPJCCBQxIwuB2S9oT6GskUzh9XcSPBtBkJSGA8AkxO47VmS2sk4CpujaOuzxKYOAGD2/gDtFam+M0tySaiPItryjdv1gQ0XgLTJcCENF3r5mkZv6E2T8vHsZoA1/RGZVPeOD3aigQkIIEaAYNbDYiHoxDgvCLI1RszwNWJeCyBlRPYl/tMQvtq23Yl0BbgfJPSc0MCEtgrAYPbXvHaeAg0BTiewRngAsckAQnsh4DBbT9cp9nq8awywB2PvT1LYJUEDG6rHPajOG2AOwp2O5XAOgkY3NY57sfyui3A3etYBtnvxgSsIIE6gc8l4/ORSSWD26SGYxXGNAW4F8Tz746Ylk3gFst2b3XevT8e8wY0vwFJLGE/WdNIGDQNS7RiTQSaAtyLAsAAFwgLTNeJTxdF3hL59YhpvgRYoRHEkOtv7cYBKhrcDgDZLhoJtAU4b1E24ppt5u1j+QciXx4h/QT/KbMh8JJYyi99EMyQrpiBXtSnkboMnYaFWrFkAk0BjluU37Vkp1fkG4HtlfG3Os9wCytZpgkTuFlsI1ARzO6W/abrNNnnE3roTGpsqyfdeUvdWRKByfvCRVE38u+S8TsR03wJlMBWHd+PxJ2nRUzTIMAtYm4zlkBGkELeGvOq45bDxkQ99CYZRyZpVCNGM5dMgAuk7t9P1TM8ng2BX4ilrNiq4/rbyePZ26OzNR2ewAfTJcEIIYAhj0weMaA6TsnqTRdHgzqTWqnFplMJx05leCCBIxHgYql3zYVYz/P4CAQGdvmo6H028sRIdTwJbI9InukwBHg1n2uHAFbkuumaMUGyu3GinZemFvWvlu3kk8Ft8kO0KgO5cKoO14+rZe5Ph8DDYwpB7SnZXjFSTQa2Ko397NdvLbKiGuvaIajRFrGC52/78WAPrWLwHpq1SQlsTYCLqVr5M9UD9ydFgFvHBDUCWD2oYegf5z9XbIEwYnpX2qqvypjHCUApGi3RB23S9kiNHraZ2Rp+WEz2dkAC9XPySgfs266GESi3H3nppymovSzNMDH+aLam3QjUbzF+WZqDbTaDEn8sEqheFe1XR/oSq0DaZ/XXpzvp8vpEMmljNW41BLggq84+vXrg/tEIlJVa0+1HxqwEtbsezcJ5d8x5TnAhGMETIcgQbIZ4hj5CEKMOwss9bHl79dtaGqHOO1OGXtMfKymaXzK4zW/Mhlg8dx0uzqoPD64euH9wAiWota3UXh6LmEsMagGxQfpQdKuB7CE5hiNBJru9iaBE/StHkzrURW6XY1Z8lD8p+5RlcyZRThl1yofszyjNNQOn5mq7di+XAH9lVr3jAqweu38YAt+Xbnim1hbUuNXF2NwleqZ+AvVVGR+NgF9/zXMaBKNPZ5c6CPM3KzvGKNknrz85OSHYoUd+DhsT5aV+o8ISMoGzBD/0YXkEygVbPLuk7LjdO4HXpIcvnJyc/GW2TbepWKkxOd4h5aZmAs9Pdj2YMd/CLUW9iQBEoEK/CPWv2lCTftD/+pShm82ZRDkrRcpp54zC0jJW4eTSBm0l/nCrpeqqL5ZUaYy/T6DiG0SYBL8lzTMJZnMqlaDmSu0UlksP+GAzwQh+yL2Ty/zaxDFFZxJ1qI8+Qt2u1ddH0wL61EM3h40JndLe9Ro1FprZBWWhLuvWjAhw4RZzuUDLvtvxCPxWmuL5DN8ocu3s1xNj8C/JhL9BLSCS4MBqicABH+SC5MMom0GJOh+OJnUQ5uKuYBbVEz5nVvq8VjKol82ZRNsvTi7lfW1Gba/paI0D9GidL7RjmY43sEy61dZ43lA9dn87AgSx/05VJsGfzrZpAuS2MG/acT6zkovaatOF8ZyggsCMt0LhQvBIUW+iDnV/NZrUQajPt4YkqzdxHdAG39BP3bYKBFzKafsebUpryQfCWnw9lJ/c2jlUX0vvp35rsn68dP/H9u8BafBTEc7Rm2fblN6TzK+KwJo37bK7ukRgJxgRUJBbhwBBA8lub6JOCTTUYZ7lD4if7615uQLPO4sN1L285PQefdEH0vR89LT2io6AviJ3l+3qQr3j4i2ucQGXfbfDCfxtVJkon51t0wsJMC7fG8iHhFnVRXU16Z/jKXzggBAkNjnXqHNR2qAOwrxKG8naOBEUaY83VWmrqQHKecZHOX016aw+TzCrPwUmD4BJZ/JGTtTAd8cuJsJ7ZstEmM2pxAT5wOQwD/A8J7urSQQRzi343DZeN/FJ9pmEPvXQLwK/G5/RHJ7x9qjSJm3TVg4bE+X0ic4svry40YsDZQLpQF3ZjQS2IsBFv1XFlVbi1hcfm2AivGELg7cln0mSCfKPsl9Ji92t32pk7oNBn8Nw5JkXugj1um4T9rVXLefcpv2bJpO2szmTKGclTTl9n1Ewo5mAsJq5mCuBuREon037lRjO87JsTiUm0mcmh0my7XlbiheTtr3VSDAhEMIJYY4c82MovI5PHwjttwFnvCinf56BtumZ30IAcC1FZktgEgS4wCdhyASNGPLZND4P9e2xndXGg7JdaiIAbHOrkSBDILllwHCuMSc2/XGQ4q1T1a4PdLSCLeW38BivDtVpF03BOgZyCnZow2YEysXCRYlwvFkL89Hmgp+PtYex9PfSDWPe9dm010aHyfpLsv3HyBITKyzOf86RN8dB5jN8zm5nQv8V0UCXOgSSt+R4zMT40A9CH/TV1j66lKP3uDYl8zcjAMzNaqh9bALVi4ULAmEcyT+2bfa/XwI8e2Gc+SJpxrzeG799Vz6bxksS9fK5H495q/HOe4BRAi1j1DQ+1S7R4dpFtn2zstqe+zUCfQNQU/dwcgQ0aOkE7hcH+Wwak2HbszI+m8YkeZXoLu2zaaxqStAgYONn3OxMsKIOugjz3Ni3GjHgf/If/dAfQl/Jak3ooI8eNrUqWrA7AQHvzvDQLXCBHLrPY/XHW39jPsw/lh/b9Fs+m/Znqdz22bQXpoyJks+mZXcRqXqrkXOdOQof+5xDt36rsa/ONuW8OUmAor+bpIE+29Djm3XQwxdugaaaad8EgL3vPmx/XAKMGRcKF0295aa8us4cjm8TIwls9b+2mVRStOj0rnjHOHZ9Nu1HosN5cK9sx0jHbGPqtxphw+qRMUEITlx/5LcJeuXngBinpj9O2uqaPxIBwI/UlM0cmABjx0VU77Ypr64ztWNuuxG4sB15XQxsCmxMLClaXHpyPGLFgu9tq7C3RodJlc+m/Un255wIFmW8p3arsXAt9jEmXGslv22LHuODoM+brG265h+AAINwgG7sYk8EuJCamuZCu0ZTwQTy+JXg6uSGrfxl2+YLJjPRLDGwlVXao+Nk00sFcHpGymBzi2znmnhWyBgy1gjzDj71+YPuIW41Ysff57+qjUPsQx89BJ/SxIrTxFx3QCY2ICOa87ER29qlKVYkTAJMVAi3azjvmBCGtEvdJQU2Vmk8t4FF2yqNLzbms2kEvIcMgTQRnTLWjBn+FeEtzyHjjT5toItwnuzjrcaC6/3ZKbZ+Z/bpM5vWhH38wYEesqTzstXpuRZw8szV9rXbzbOKKgO+uLV6zMXHJFrNO8R+/RYjEzS2DO2bCYQJ52GpQL2lTCDVVVqbT2+4zOfrZDvlz6a9M/YxyTNOjFeRMtaMW1R6E/VoA32E+ah+O7q3kQ0VuCbok76vn7r0m01rQo8PXqOHffjYqmzBdAgwWNOxRksGErhUrf4bW3xxK1/tc2nhZf+1TaKXFY+y4W1GJjomAaTvyu869wAAEABJREFUFmO9U+rw8giTB8I5id1PqyvO8HjIKo2Vys/FN3z/mmynlhjbEgwYK+RGMZJxwubsbpSof6hbjcUwfKBfhHOrz270eFsVPfy8QWnI7XwIMHDzsVZLC4H/yg4XXjaXJi5Gdj6U/5iIsjmf+GDv+YORdpgs6Id+aX/oeYQ+9bC9CHUvGMmuqTQzZJXGN8HDgJXKUyZgeHVFwzgVYXywc1MTS33OFeoXob193mosdnKeFRvos+S3bdGt2vg9bYrmz4PAkEGfhyfrspIfT6x6XB1H/jKtlu16G+Wb09jLI/XJgokg2Z2JCYOVCboIdtbt62xgRoWbrtJudiTfShD7QvpnfIowLoxRsjdOtNEUxBjvXc+/ocbwB1/1HB3iC/roIdg6tC/1ZkDAAZ3BIDWYyMVYsplYyn7ZVvPQ7VsZ8dpy26THdxR+RxqmnWw6E/1WJznOL1YmnZVmXjjVVRovpTB5I4xLkRLEhoxnfWhog/ZelALqF2GcDxXE0vX5dM3sYQ92cUsXe5LVmtArH6hGFxatyhbMmwAn5bw9WJ/13Aaset00hvW88pIHE0ERLvQifAEvFzoXPFJtv2uf+rRHHYR+jzHJddm4j7IprdL+Iw7yBwXjwHgUuXbyGRMkuxsl2qC996YW9YswvpwnfMA8RQdPz02P2IV9CG8EY1uyWxN6fKkyetjPM+FWZQs2JTBdfQZ7utZp2S4EuKhLfS7supSyTbe0+8FUoj3OHya7HK4i8ZYg/vO5tDa/9/ksrSmIfV3IMw6MR3Y3SviCsGqnfhHaw78bbtTafpSrPt8/XWBjNp0Jn9BD8OWrO7UtXCQBBn6RjunUCZPCthiYHBD+Sub2FpNEEc4ZXqHetu251auu0nhLsMl+niuWNx7HeJZGsIE9wjgUgT3j0GRDV16pzzlB/SK0h/DGa1f9Q5Z9OJ1V/cY+7E12Z6IOegh1OpUtXD4BT4L5jPGmljJhMam11aMMYVJoCmCcG/z1zmeu2tpYcv6hnqWVQMZYFIE7kzSyKWPaYEypW4SxRKZ4y/gP4iD2YjfC789hd7I7E7ofjwa6CMxyaJLAOQKc8Of2/H8uBLiQh9rK+KLfJJQhTAprDWB1jr+cDIINE2fbt4ewSnto9GC6ySrtManDyqk6kdMP/GkrxRsl6tIWP7JJ/SJlTDdq7MDKVQ4/nr6xPZvOVPwt38SPn9fqrGHhqglwgqwawAyd5yKfodmTNrk8S3tsrCTYZHMmVZ+lPf1M6emMF+ewOoEzZvzOGtfbkIk81c8n6iIEVeoWoS1sveV5zSE7x9FhFUwgxg8E2/Gjzxp0nx8ldKmDv+/IsUkCvQQ4YXqVVJgUAS70SRk0U2Oqq7SuZ2l9qzS+N7EeyO4eJlxbm44VkzlB4MdSn7oI7SBz+kjFE2I/fuAPwioYX5LdmdCtvqqP3/fprGGhBFoIcPK0FJktgcURuG48GrpK41etCSjVVdpHU59JG2EiRvjGe66jIZN3qp9P1CUo8oF86iK0w+rkD89rzWeH27mFyy/GbPzJpjPBgDp3jBb6+O+r+oEx8TQL8ziZZmHojIxkcpqRuaswtazS+AjD0FXaJ0OGiRdhEkZ4xsMkjKR4cKIukz/1inDt8YLHGwe3Mi1FnvVV2XDe41uflbD4hyihCwPq8TnLZJkkMB4BTq7xWrMlCPD9jmz3JUwO+2p7ae0OXaXx7RYEGr6sGb4Ix0zAyFAu1EOano/x9urQdqaqx0oT/xB+X24IG3Sphy7CnHOnqTqoXcshwIm2HG8W6EmDS0wQDdlmXUbgrtkymTKptq3SonI+fWX2LoxsypX2kfddVpf6XE8ItzOTPfvEarO6OsO3IU5RhwBWmPCHwpB66khgNAJDT9bROrShnQkwoe7cyIIaeGF8KcEMNi/N8djnNe0yYf9r2mbCRugD+dLkLSW9Jo7gJ/4i3DLE12R3JnS5vYouQj1uPXZWslAC+yTAxbnP9m17/wS4Bbb/Xo7XA7/cXVYQ1YmXCRW5R0wb8zymTfphki5C+0zY35S+Zpg6Ta7+YcBvBOJzZ4UUwoh66CLw4cWYFJkkMA0CnJTTsEQrhhLgM0NVXW75MBlX8+a03xe8bhdnCCxMokgOd05Mzkh1gqZthGuC/nbuZKIN8MXbnC/4j+DvEFOpAx+EOpx3Q+qpI4GjEOAkPUrHdro1ga9ITSalbM4nJpx63vnCI+9MLXjBivMeWcME/ZKMP4GJ8wPhxRYYJLszoXtRNNBFlhzw46apj8DcyrnA52az9p6cMG5MPnUW5FWFSe3QUu2f/X2svKp+83r/nZNxhYrAB1lD8IrbZxIrUsYd/ndLKWyy6UzoUgddBH437qxhoQQmTIATeMLmaVoHAcau73kbk9ShpcPkUYqYuFkNFr/4hYJXjNLyfBu5WkwnMBGgEM4N+CS7M6GLHkIdV2eduCycEwFO6DnZuw5bh3vJK+dMTExSw2vNT/MTMbl8wS6rsTvkeM2JAF8NZnzgnPOgjwnnyQeihC7i9R8YpmUS8ORexrgyjkxWCBMfkxhyLO/oG8EWbHp9DOE4m0EJ3TdHk7rINbP/rMgaU/0FENiU8e7jgS5BEIYI9W7QV8lyCSyBACf7EvzQh8sJsLJhXBEmtGPID8QcvoeR21xMsN+QY+zIpjVdkpKnRtDD9rX+ejJ/EBCQ4IYMfQEk6C5N1HnmyclJ4cgYXFrgfxJYEwEmkTX5q6/7I/BXaZpngEyuz8s+PzqZTWd6T0oJYkzEF2T/4ZE1JQJ6NZDBjmsSHkM4oE/950SZOgj1H5RjkwRWTYALYdUAdH5rAvyOGN/dyOTKJMtPk7Bq7GqQD2P/TRSYhBF+CoXbj8lafPq1eFhflZVnpikalOAMQ9ghXL+szH54UG2VJLApgRnrc3HM2HxNPzABvquRZ0BMsm9K3xwzyWa3NX0kJfeLoMcttu/N/hpSfVX2s3Ga6w0O2e1NMOYPh/qqDIa9lVWQwNoJcLGtnYH+txO4f4o+FmGiRVip9U2u6PEdjNxmZCK/Tur/eWTJ6clxzlVZIJgkMBUCBrepjMTJJAwhcPH1XgQo5LmxijcVs+lMF6f0URGCGecU38HIyiVZi0z4xqoKRsij4yV+4392exN1qO+qrBeVChLYjgAX5HY1rbUUAq+LI6w6mHC55chzsGR1JnT/NxpM5ggfIuaZUrIWlx4Rj+BDMMJvZJtnZbQBK4TrzmdlAWuSwL4IcJHtq23bnSYBXrdn5cEkjdwmZg45Dz4dPX7RukzOfMdlshaXrh6PqoHsN3MMH/zObm+CKfXrq7K+l216Gx6ioI4EJHCOABftuT3/XyoBnpt9PM4x6SIPyz4rj2w6EyuNl0WDSR25avYfH5l7ekAc4I1DAhACk6rwbSj4G7VBibq0Rx2Ea8pV2SB0KklgfwS4EPfXui0fi0D9udk1BhjCJF291chKg1+1HlB1kioEHIIXgm9Fnh1rCT4EIiSHgxNt0F59VcazysGNqCiBaRNYhnUGt/HHkYlz/Fa7W6w+N2MCHvLcjBZ5TZ9X85nkORfmdquR26sEGwS/q8I44BeCr9sI7bGCpQ0ERrTr58q2oWkdCRyQABfrAbtbRVd8Me2+Hb1pOmBiZ/JFtnluxmTNa/p8qDrNTT7xzf8EMQSfEW6v4geyrQO0g9DuC9IIbRXh+mAFm2yTBCQwJwJcvHOyd2m2DvHnsVHiORATcJG3J4+JPZvOxKqj+vMwc3puhu0EnOLzneJpCTrZ3SiVNmivKYBxHbAiu/dGraosAQlMlgAX9WSNW6Fh943PrPyYhMuEzBuKvMGXot5Enfpzszn8PAzBu+ozfnBuEsx6nb5MgToI7RjALoPiRgJrJcAEslbfp+A3gYgVCpMywhcOXy+GbTKpz/W5Gd98QiDCb4L3Jj5Th7rla72oy7mMrG8FlhPGJAEJnCbAZHA6x6N9Efi3NFy+NZ/JGblx8jYZAyb0d6QOk3mROT03+3Bsxwd855tP8CFZvQn9t0ULfQRmBLGlf61XXDZJQALbEGCS2KaedYYTYGJG+E2zTV5OoM4H0011dcKEfpPkzSlVbznyMzgEpy778ZvVLHpFOE9v3lXJMglIYCcCi6vMpLE4p47kEF8WzKqEz0BtY8InU+lxkeqEfv0cz3F1wofGYUGg6rvliE7xmS3n5CZ/BASRSQISkMBpAkwkp3M82oRA9cPS35iKTM7Z9Ca+yuqF0UK/CB+0fmLy5ppYZZaAhi/41eYLAe12KUTHczAgTBKQwLgEnFg258mLEEzOyJAPS/NNGRemGybySyX7vJJ/r2znnqrP0K4bZ/Avm8YEr9umBB3Ou1dn3yQBCUhgLwSYZPbS8MIaZaXF5IzwIkSXe+hUy/lqpq+tZsx8v7pC63uGBguCGcK59tqZ+675EpDATAgw4czE1IOa+cD0Vn2z8So57krcjuPb45nEl/jVTNWANmSFxuf1YOH51XXW7FRmZQlIoIuAk8/ldH4ju7ylx2rjWdnve6mB3z67T/SYxHmL8ZHZX1K6dpwhaMNjSECDA8I59Repa5KABCRwNAJMREfrfAIdvzQ2lAn8Z7Lfx+ND0WECR1jNPT/HS0ncbi3BnYDGh8Pxs80/dPh4Azp93NraMF8CEjgigSV3vcZJ6a8zoCWg8ZMuTM7JakxM4G9JCToI3x6Sw87EKq5TYUKFT40thQUvyvSdD/CAA4Luv6e+SQISkMDkCDBBTc6oPRj04rRZJvHyEy/Jakzoledn8Lllo1Z75vvaiyZRUn3DkR8uJVB1GVYPaF26lklAAhKYBAEm70kYsgcjyoeqmZzvnva7JnGen1GOsPIa//lZDDhS4jNn1duNfW84YibMLs4OPJZ8jsRFkwQksEQCS5y43pCBYnLu+1A1Ae3W0WUC5/lZdheTqrcb+baQIeMMs1eGADzQv1r2TRKQgARmSYBJbJaGNxhdXt2/VUNZySKgMXkjBLQ3loIFbD8aH7ilSpAacrsx6ifowwLhXLgjmcpkCWiYBCQwkAAT2kDVSasxofe9uo8D/MAnuggTe1X4bsf/RGlGwiv6+IA/14rdBKlsWhN6l6QUPYRbsDk0SUACElgWgaUEt21Ghcm9KtyG45tECABtQiDpkxfVjOnT37YcG/lwNT7Uujx1iF71duMFp0o9kIAE1kVgJd4uJbgxgR9iyAgkQ6RqyxD9bXSqfdT34VHaZIy93Vgn5LEEJLBoAkx8S3AQP8pkXt3+fpzjxz25FccKiUm/SIoWk/DpvfGm+A6PHJokIAEJrJPA0ifBB2dY+XFPbsXxfAl/i5RA0LR9eerxgkb1FXoCSLI3SXvXxSbsx6cb7r03O5CABCQwEwJMijMx9aBm3iW98XkwXlKBURECSZ/Uf8qmT3+XcuyKqSYJSEACEqgScHKs0hhn/z2VZrgVWjl0VwKbE7CGBCSwOQGD2+bMNqnBbcNN9NWVgAQkIIERCBYXQPoAAALTSURBVBjcRoBoExKQgASmTWB91hnc1jfmeiwBCUhg8QQMbosfYh2UgAQksD4CBrfxx9wWJSABCUjgyAQMbkceALuXgAQkIIHxCRjcxmfKh8XHb9UW10VAbyUggZ0IGNx2wtdY+V2VXH5LrXLorgQkIAEJHIKAwW2/lD+13+ZtXQISkEArgVUXGNxWPfw6LwEJSGCZBAxuyxxXvZKABCSwagIGt5GGv9KML5RUYLgrAQlI4BgEDG7jU78oTf5S5PmRx0dMEpCABCRwYAIGt/0Af0KavU/kWRGTBAYSUE0CEhiLgMFtLJK2IwEJSEACkyFgcJvMUGiIBCQggd0J2MI5Aga3cxz8XwISkIAEFkTA4LagwdQVCUhAAhI4R8Dgdo7Ddv9bSwISkIAEJknA4DbJYdEoCUhAAhLYhYDBbRd61pXA7gRsQQIS2AMBg9seoNqkBCQgAQkcl4DB7bj87V0CEpDA7gRs4QwBg9sZJGZIQAISkMDcCRjc5j6C2i8BCUhAAmcIGNzOIOnLsFwCEpCABKZOwOA29RHSPglIQAIS2JiAwW1jZFaQwO4EbEECEtgvAYPbfvnaugQkIAEJHIGAwe0I0O1SAhKQwO4EbKGLgMGti45lEpCABCQwSwIGt1kOm0ZLQAISkEAXAYNbF53Ly9yTgAQkIIEZETC4zWiwNFUCEpCABIYRMLgN46SWBHYnYAsSkMDBCBjcDobajiQgAQlI4FAEDG6HIm0/EpCABHYnYAsDCRjcBoJSTQISkIAE5kPA4DafsdJSCUhAAhIYSMDg1gHKIglIQAISmCcBg9s8x02rJSABCUigg4DBrQOORRLYnYAtSEACxyBgcDsGdfuUgAQkIIG9EjC47RWvjUtAAhLYnYAtbE7A4LY5M2tIQAISkMDECRjcJj5AmicBCUhAApsTMLjVmXksAQlIQAKzJ2Bwm/0Q6oAEJCABCdQJ/D8AAAD//5MjpJsAAAAGSURBVAMA6WKz3BbLGRYAAAAASUVORK5CYII=', 'local', NULL, 'f');
INSERT INTO users ("id", "name", "email", "password", "role", "created_at", "signature_data", "provider", "azure_id", "email_verified")
  VALUES ('5d46bdd3-4fa6-45be-b6e4-9ffc92f76516', 'Yasser', 'yasser.husni@sos-palestine.org', '$2b$10$jfkmnPZ5i50YtfuR1S56keb8oVg6Fv5bJKrAMR1CE3evRCkqEAWwa', 'admin', '2026-05-06 14:23:40.92638', 'data:image/png;base64,iVBORw0KGgoAAAANSUhEUgAAAlgAAAEiCAYAAAAlN6zmAAAQAElEQVR4AeydBaBcxfX/z5mZK2vP4iEkEFyKuxRSHIqU/l5wh6RIAsElkA0uRVMkaQspVpq0OIQCRUqB4u4WQjx5tm/lysj/zIbU/rSFkkBkbva8uXd8PnP3znfP7Hth4A5HwBFwBBwBR8ARcAQcgUVKwAmsRYrTVeYIOAKOgCOwaAi4WhyBpZuAE1hL9/y53jsCjoAj4Ag4Ao7AEkjACawlcFJclxyBRUHA1eEIOAKOgCPw/RFwAuv7Y+9adgQcAUfAEXAEHIFllIATWP92Yl2CI+AIOAKOgCPgCDgC/xsBJ7D+N26ulCPgCDgCjoAj8P0QcK0uFQScwFoqpsl10hFwBBwBR8ARcASWJgJOYC1Ns+X66gg4AouCgKvDEXAEHIHFTsAJrMWO2DXgCDgCjoAj4Ag4AssbASewlrcZXxTjdXU4Ao6AI+AIOAKOwH8k4ATWf8TjEh0BR8ARcAQcAUdgaSGwJPXTCawlaTZcXxwBR8ARcAQcAUdgmSDgBNYyMY1uEI6AI+AILAoCrg5HwBFYVAScwFpUJF09joAj4Ag4Ao6AI+AIfEnACawvQbjAEVgUBFwdjoAj4Ag4Ao6AJeAElqXgzBFwBBwBR8ARcAQcgUVIYAkTWItwZK4qR8ARcAQcAUfAEXAEvicCTmB9T+Bds46AI+AIOAJLEQHXVUfgGxJwAusbAnPZHQFHwBFwBBwBR8AR+G8EnMD6b4RcuiPgCCwKAq4OR8ARcASWKwJOYC1X0+0G6wg4Ao6AI+AIOALfBQEnsL4LyouiDVeHI+AIOAKOgCPgCCw1BJzAWmqmynXUEXAEHAFHwBFY8gi4Hn01ASewvpqLi3UEHAFHwBFwBBwBR+B/JuAE1v+MzhV0BBwBR2BREHB1OAKOwLJIwAmsZXFW3ZgcAUfAEXAEHAFH4Hsl4ATW94rfNb4oCLg6HAFHwBFwBByBJY2AE1hL2oy4/jgCjoAj4Ag4Ao7AUk+AASz1Y3ADcAQcAUfAEXAEHAFHYIki4DxYS9R0uM44Ao6AI+AI/I2AO3EElmICTmAtxZPnuu4IOAKOgCPgCDgCSyYBJ7CWzHlxvXIEFgUBV4cj4Ag4Ao7A90TACazvCbxr1hFwBBwBR8ARcASWXQJOYP2nuXVpjoAj4Ag4Ao6AI+AI/A8EnMD6H6C5Io6AI+AIOAKOwPdJwLW95BNwAmvJnyPXQ0fAEXAEHAFHwBFYygg4gbWUTZjrriPgCCwKAq4OR8ARcAQWLwEnsBYvX1e7I+AIOAKOgCPgCCyHBJzAWg4nfVEM2dXhCDgCjoAj4Ag4Av+egBNY/56NS3EEHAFHwBFwBByBpYvAEtNbJ7CWmKlwHXEEHAFHwBFwBByBZYWAE1jLyky6cTgCjoAjsCgIuDocAUdgkRBwAmuRYHSVOAKOgCPgCDgCjoAj8HcCTmD9nYU7cwQWBQFXhyPgCDgCjoAjAE5guZvAEXAEHAFHwBFwBByBRUxgyRNYi3iArjpHwBFwBBwBR8ARcAS+awJOYH3XxF17joAj4Ag4AkslAddpR+CbEHAC65vQcnkdAUfAEXAEHAFHwBH4GgScwPoakFwWR8ARWBQEXB2OgCPgCCw/BJzAWn7m2o3UEXAEHAFHwBFwBL4jAk5gfUegF0Uzrg5HwBFwBBwBR8ARWDoIOIG1dMyT66Uj4Ag4Ao6AI7CkEnD9+goCTmB9BRQX5Qg4Ao6AI+AIOAKOwLch4ATWt6HnyjoCjoAjsCgIuDocAUdgmSPgBNYyN6VuQI6AI+AIOAKOgCPwfRNwAuv7ngHX/qIg4OpwBBwBR8ARcASWKAJOYC1R0+E64wg4Ao6AI+AIOALLAoEFAmtZGIkbgyPgCDgCjoAj4Ag4AksIASewlpCJcN1wBBwBR8AR+P8JuBhHYGkl4ATW0jpzrt+OgCPgCDgCjoAjsMQScAJriZ0a1zFHYFEQcHU4Ao6AI+AIfB8EnMD6Pqi7Nh0BR8ARcAQcAUdgmSbgBNZ/mV6X7Ag4Av9MoLW16B9wQLHnwcMu6jds2KWNxWJR/HMOd+UIOAKOgCPgBJa7BxwBR+BrETDG4F5HXlZIArGJEo1HVruDU9q69IEfTQ3XuuqqSZmvVYnL5Ag4AouKgKtnCSfgBNYSPkGue47AkkBg0qRJ/MBjLu5tErZbHPkndXXr44zJHclE86hUBcNffevTDa+44tbcktBX1wdHwBFwBJYEAk5gLQmz4PrgCCzBBEaMuC54+E+zBrdV+NBYZU5MTXZX5jcNTHTQXI71Kqn2946UOOitT2atM2LEw8ESPJR/7pq7cgQcAUdgMRJwAmsxwnVVOwJLLwGDw4aN9w49/hc9Pp1X3Xhelz4kVfmjUhluoHmmkKDAmAuQIsNqmvdJtLdDqWJ2btOv9rVbiUvvuF3PHQFHwBFYNAScwFo0HJfHWtyYl1ECdjvw8JOuaWxT7evObavsk6ZiWJKK/YTIrAFcZDUKUMhAAz0+mA8GfaEgGGAg2K7cptYdO3ai82Ito/eGG5Yj4Ah8fQL0hPz6mV1OR8ARWJYJGBw16qrMQ898sNLsuV27dpXUz1KJxyLP/JgJfzBjGALTAGigfpDIQu4BEwEFfgZQrCl8f9OPZ37U7LxYdULuhyPgCHwvBJaMRp3AWjLmwfXCEfheCRSLRXbWxbe2TC/LzabPSY5MlRjBvdy+Cvz1lPFb/GwDeakAEBX90OS1AjLyYpHI0iAg1Zxpw5oM8FVQ5XpMnmzdW+AOR8ARcASWWwJOYC23U+8GvogIoPXWWIFiQ6oTyZaqF/VdfDAzv/qbb32+XzWCUYIXDtWQ2VSaoIcIGjzmZ7EWKxJXNDT7IlFlB6iNAZlqiFIJUZyCpCyc+yClIhfXZJvF2VJKwHXbEXAEvj0BJ7C+PUNXw3JFwGCx+KSwW2kHHntD84HHXr3yYcdetcHHc8MtDjv26k0PPuqqVYYNG79U/PFNO46jT7ymz7uze+zQXpIjE5M5tpaIHymW7c953lMgUBsO0tAEk6jSWgPSNUMOyDhog5AaRSEpKzQ6SaP2Wq3yYaRL81pbWzWVci9HwBFwBJZbAk5gLbdT7wb+TQgUi0Vx5OmXFQ4aMW6Fd2a9s+ln3d5PS6VkeFcJTu+s4JhSSRTbq/qccmpGtiXln773hbfmsOL47Ddp47vKaz1trcddn3912msbzJifHFYqydNj5e+reG4N4Pm8goClmoEGDpo8VppElCIzWoBSCJocVAhI3TX0UwGgJOmVtnsCXxBMP3/Anpt1Ii78oha4wxFwBByB5ZKAE1jL5bS7QX8dAiSqmBUi+464bsBLU7NbTptuDp7foU7t7DajKxV2dgJZ8vpk94t1bqcYCtsmMrtjrDIHxNo/oSr9o2ZObd/soIOKDcaQq+frNPgd5CHvmnfAkVcN6O6OdqtU9QmpyQxXkNmSeQ29AbOe4SFq8MCQlwrIa2XAAFCMMRoMDcMYVg+VlIAmBY6KwrhdMPmYweR2P5N7dejQoQm4wxFwBByB5ZzAEimwlvM5ccP/nggYUhD2j2q2Dru0cd9hF/V757P8hvPay/vNmZ+M6azihRIaTpfYeIRkhR1Z0LK6EQ19Fcs3JZDNpiYbkmUjnelB4mrdSsT2TxN+wjwtf/Tj485qsnV/T8OqN2vbP/LIywrTZ0/bsrMzHlmrwGkkqPYWfsMg5PkM41lk9pcE0QNgwsoq0OSXMloCkPfKmiF/FeksQARKSyiqZjwWV3yo/dnoyq0NeXhq0q9GddQbdD8cgX8gYO+/hfYP0STWDY647rrgJ4dc0bv1qKtW3euoKzf88RGXb3TAsHFr0oebvmT51tZJfGFZG/5jeXfuCCzJBJzAWpJnx/XtOyCw4DtVrUdc3Gvo0Vdv+uGs8oG1cjiiUsleWFL+NRpyRdo+OzQx2R/WtL9SRbKGWHt+gj5PwSf/jQ+0pQbaBGBYSFtqAUoTeFoU+qJf2Jl7zUclJbHpXsOHZ76DwXxlE9Zrdejwa1ecXcH9MNvrPAyaDw+zLRsFmZYmwJAnKYBUVBTpccDIrIKyl3WBpYFWQbpaEFiPllQRcJ4a30tqqEuv+bz8hxDhhckTziyh2xqss1pOf2DrpEm8+OSTwv5F/91GFBv2PuLCFfc46qJ1dzvigk1+fMjYLfc48oLN9h7+87V/Ovza1X5y3NVr7X/SLzeZ8Y6/p84WTq2YcFw19ScobPhl4hfGeV5ujDHiaLFCx54HjLhpu72PvnLbnx5x0eZ7HVxc9Tja4v6exNZyOrVu2P8LAXqa/i/FXBlHYOklYB/M48eP94499obmvY68dvUXPnhtt644O7K96l3ECn3PU5keJ2mvef8IclsmmBkgRKMvsk3AgxwwPwMsCCBRBlISIIow1I28OgY5WJNGQJQKqCVeAXjDVgyb91GVAavYL5VT9u/kZbc3Dz+8GO47bHy/aUl168860mE1zJwg/cKWEfg9NPO5oi2/WGqIlQTyU0EKGpR1URlDfTTkqTIgKA/XCIwslTFwDwGZ1B5L2gTEjzJZulFk+J+y+6xSAgBD5l7LEAH7XrFm76di0TD7R2it1a+NYcPofXTIqVfkjjjr5l67HnzZ6rPv/mj7R258Yd9X2t47sn1e4dS5Ue7CjihzTVnlf9GFjeMiaL42NfnLYx1ewlnLpdLkLoOw5YKazh4VY36IEo0b11S4UanKhnRG3mGJyY3W0OPnwJt/gVgYr1jDLxV4F0zrmrXrviec3ULiH5ch3G4oyxgBJ7CWsQl1w/n3BOxCYbcjjj3tpl6P/rW00adzO8hbZU6VkDnTiMYjWdC8TYrZlUqJ6VE1LJtwnxuPHE9eAEwEoMnDo4whj5WBSCUgjQRN/4BMawXWjNYkTASACCHRHuXNNAHLbgsmt/E7M19Y7P8Zsl347IL34of5Feek2R92laOjyxV+umaFQxPMr1WRfjZFgYmUkKayLqiQcwAGoGgMUqY0HEmXBjgJRkHGDFKcBsYQlJFGCOhiTD6uZOWmhubcQxsNSOdNHjpU/Xvy/5DiTpdIAva9UawLKLPAA0Xbdvb7gwcec3Hvnx5z+QrvTM8NemvmJav/7snP17nn2ZnrTK00r/LxSTeuNuflaNM5c70fz5obDe+K+TmpLoxVWLhAseZzmN/rBOX1aJWiZbtENG+aiIYNI5bbtKrDXbsT3LujKndvr8jtS5FaM9KiJaVPLkpkUNJ7Jwafk7c4U46gR1spWaWtK16nErE1qxGunUp/Ey9sWjGM88IskTRdpxyBBQTosbrgxP10BJZlAiQ8xAln39oy49V0w88+7xxaqYkTJcsfz/zm/2N+0ybI8/0MD8OUpIXmAmJtQCECE4LcMkgflIFkFMUZBZrMoAapU1Dk+7HX2p6TGS1BkVDRYEWLD91VyQyEKwg/+EFSkg0AVq3AIj+KtDieeuqtubemZleZM039KDV8eGRyp6c6HKYxt72iPqRG+CkIUIzTODtCXgAAEABJREFUGIA8cKreV0MjA6OpT5oCDZrGjsSBMQZozXaZhKMQCILJqsflawzl3c1NwV9pW7CL2NrC4I6lh4AxBidNMvw6ElLF4qT8gSdd3PutqVescusjV6375h1vbfLJq9GQedr/SXviH16O2XGlhJ/cWfHP6Crh2aVucVapWjgllvmTNTaciazh9DjOHCf8HvuKoGUzEfRYDUTjCuA1NoOXz4AoCMPzqDCLkfJZRXEuWShqkgmJHpZqCURSQ2wMJHSfacZAkZjXdJ8aPwSJDBLDATBDlkU/zFdFkP+iwHp2o9uSBncsuQTYkts117OvIOCiviEBWjz8sy5+uNfrnwXrf/rZnL2rkT5es8xxRhT2EJmeqxsRNknGfUnCp/43nUhsCHq4+0yAxzxQBkCRA0eReAIjASldqxSQhJQhUYKUV9E52ncShZxpEiEGOJUBm5sWDnLtZCl2hQh1Q7E4tp4Ci+h48sknxRmXPtb4wbxfrvXq1Gm7z6vy46TXeFYq8kckOiCPXLCC9sgNJwQD6itQ/xgtXIwH1DsOjBY1jorGkwCnrUKPYplhQEMBugSpNEj6xz0AT1YrGRa/zFXlLt8zz67TP+peRMP4p2paWyfRwv9wcNVVkzJXXfVc5rrrHg6KxSL7p0zu4hsTsAyLtzwZnjH+scbjR9814OaHL93oD89Wf/TMB9N+OnOGd9T8mn9SOc2c1RX7YypJbkzNNJwRqfzxCTQcLbHpYIVNrZq37J1C096VJDiwO+IHJSrcWZpwfY1+Xy8o5MKw4HkiQEYinZFY4iTOOTBAEkhIW+dApjQHyg/S0PuLzpH7wOgG48gpH9jc9B6icxqhAg2aBBeQlzWle9Hzsylj4pM46f6wY8fmmLK4lyOwxBJgS2zPXMccgW9BYBQtzocfd3nfV975eMt33/rwqFo1c5bG4NTUZPbWPLeGgrBBo8cjWgBiEkqSg32UQxRHkCYkt+jBLyPqgARQtFDEcQxJLSLhkZIPCCD0PAh9T6tUSmOMNiTEGHIQ5P1iYEBZdWIXBCFIlyE3BntkRbZ55syZ1BLV++1eOH78y96wU8b3/Pn4FzZ7+fV3Dpsxp/usBPKjDc8dJjGzWWqCvpL7gREcDae3OWpAazRK1AY0jclYo7EjeeSATJOqovGAloryCpAU2nzMY5DISi3n6+dVZf6vGwN8aKOBp8+mBVt/u2H8c+kFQurOnoq9u/6jz/x198eee6v18ecf+b/Hn3luyCfT+aBi8ZYQCOQ/l3JXX0EA7fekrEC97rrbG866eFKvEy745covThMb/fnxZ3d78enXD3v9o+mntpdEMVG58yOdPy9lTSeasOUQFI37KJbbSfH85sYrrKV5bkWFuV4SwybFwlxivDBSmIklK1RSk6skKkg0cIMc6V0DaSpBktn7P0kSULQVjcaAQEb3FANGYkkIHxAEcBEAJ3HF6cMMeaLAEx69f7y6yDJURmsDTCMwg0bR4ft+haP6JBP6f2zJ95zmtqVhCTtcd/6VAPvXCHftCCylBOqLyogR1zUcMfy6td977t29Z81OT6pK74zYhMOZKOzKecPqntdQEDxHWkiAYlgfqjIKYpmSnwaA0UMfeRaMyQBjOUDlgacYBCh0honU16aso2hGVOp+W9Wi50ycPOdj8LlAXzLwwGgOBjgIIQCpfs49UIpWCQM57vHCF18E//N7jgQNs9uAhx7zi9Xuf+bR3T7+bP7xldicBYaflM027pXJNq0tRNAMiBwRwS5mDDktUAzoCuzBSFBp8sQZa/URa+ovkgEJSQQqROILQCtFq6YBLRMDKikHAl6NavPu6JUNHlfdK88pFkmt2Qq/veHhh98SHnX8LwY9+9dXd33z3Y9PLFdgdBQHo5XMni1VeHasg7M6SuZnb382+4dHn3Rtb+IgvmWzCGDIvmUt32NxY+xvvxpmWVgvbetxxXzr4Zf3PXD4tasddMw1m9z24LSd73/x4wP/8JepJzzz2odnvvbO/DGd1bAoRdPomGVOUSJ7KM82/4hlGzZQIliJZ3K9wzBf4F4YAPM5Mg853bvWgO4lRMLFGEg0kIICzQzQrV4/T1HTe8mABE1bfTHEKqYcCgwDup2QSCNdazD0PkMgacU5CDLSTFCtVoESQQDFIad7lSpRRqKCGlOmQ6dyporTj1QUv1zqmv1ApTL7qmyz/3Blq1z394jfNe0IfC0C7GvlcpkcgSWYgP3tvEOP/0XL7x6cvd4ns6s/ntlWGxHp8CTjNx1q/IbtJQsGop/LgchyYAE9wQUou1WhkLYpAKwgQnq4G8MA0SOBwSCpfwon35WUMVdpl9Dyc6aiFwXED2Z4eksgzJWmVr2MaXMTmvR5BE0rBf2saymkxYQWHfJi2UWEBBbRY6ASY+jkG79oEWXHFSfl3/i0sOo7s9p2m15Kj6uqwinKaz6SZVqG8CAzyHA/Ty4BYZgHhsYCTFA7CJqaNGQIBpBi7AvRntMCSKGhCIPW58YBGCc2SAFd0zYooNShZ9qFjp7jOrqjV8/cE3vttdrcyZMXzRfarZfFzltbZdbms2eXjkxU9qRUZ4/gfuMuKAo/AFFYVUNuNYDsZsDyB6QJP7azrbrPO1/ASrYsfMPD/gmB00//dWHfg8/uu+9BY1ewf++M2PpUDZJ976//0IH6hwcrpE694tZc64jreu1x2CWrvfThpRs+8z7b8tl3P9ixo83bt62SHjW3LTptZpca3Vbzzq6ZwqiIN/1Mei2HKdGyrxQNO0jIr2dEfkXDs03kwQ1JRtM9w5mhuU/pZpCkO5VGkGQpmaI4BYzeLwjaiiy6i5CuGeXnZMAojeJtnlQbUETS0LWhfIxCrTWk5MXSZEDnjAzIM5rS+4sZBEF1cAAl46gWV0rtMu6epuLuV2VUelglpTuiWueEtNp+jYDaJU1N4oqB/fjvyx/ymc57Be5YCgiwpaCProuOwFcSsH/fqfWoq1qeff/ZDWbNq7R2lNOREWRPSljDvlo0bShZto/xchnJA5bQZ2RFn5Kt2UUkVfRUp9XA2I/hhgMnYcWtMFHScExTn8kuLbs/N2nXX0xa+i3K0vU+Ty/PB/LyxoyZ0OgX7h4U9v5TNpTPax1/pnWa1IuTh8hQbxlnwMkYMyAEGqV1V5SmnbXNeyhK/tqvUaMmZV7+kK/y/luf7Dm/rE6o6vBkyRr2U7xxc+M3DzA8m0u0YHFqMKGaFYlEqYEWNUWLpKG1TNO6RhEkstjCVukcSHBZ4UVFaPEE0LRoGqTFktKQA3ChwWNpp4DkacbSiY1578FV+m8+c+gi+m3B8bTFef8jn606e0ZpaC3mI6XKH5Lq7OYJ5Pqh15AFnvOAZ7nwC1yzXBinfn+lg+1T4x8alfUOf3x+eiMArdALx/RfQivIwsc/XeHtTz7/cWcHHF8usxO75kQHvfGB2vjAY89sIhb4X6r4TpJJ8DF7X5MnNrBi6vizftNj32OvXvmmu9/d/JmPP979jTfmHjBvXjS8u8pOLZvgnErNO6+ShqNTbDhN8ZZhKW/8vwTyOxmvcXPwmtdQomEFxQotJKoKdK+EseZCgYfIAwD0ABkHpHlPyWNZjSKoJQkkWkGqdf3+UYCAnIMVYMgEIPOBUTlD95lSDIzhACTqNdXD6MZhlEdwDzidA70X7LYz0tYzp/oEmZFUf1zVJk0Sk8ZllMkcZqJ3mK5OUXHXzZh2j+Os+/IgkBe3tOBVzU1swuDe7K6+/Xs/uuWgdd6ceM2ozkUl8MEdjsBiJvC3Z+5ibsdV7wgsMgJ2MTySPBGfV7t+0F6ThyRJcEo55sdHJtw7xdz6mud6od9Ae3YBS+lBH5NoKEvauqAHfkqmDIA2dnFgwGiBEJoBJwXEVVJhqjrdJG0vMjN3ksc6rs2F0WU9C+yqXn3YxJ790seO+HHfN++9+bjpU+44uEQP+ppKojipdXla1gRJNtC0XaLtAkULlSQPFpLA8gOuPQ/mc45tT44Zo74OiGHjx3v7n3BZ/zemvbdjqcZPTIx/ihGFAxTmNtY83ydWQZAYwWjBpG0ZA9VYQxQrSEhd2bEB5zRGAGPMlwaAiMAA6R98eSDYRRGRA9AiS1iAioHRCXhCRb6Q7wBU7s1l4UlVXnFmsThEwiI47N8ge+rlP68+vywPk8CHM7+wIwnhgTXjZ1IImRYhAFlCC3hKZngImgU8haBR6nAdwxp27JhbXX38+FeI+X/vEDHAKVNmt7R34E5xHB4rTcMxCrOHGz9/YmrCE2pdsOPeB55jtx7Zf69tMeQoFtkhp16RO/KEcf1f/ZStP7X7i20/LXXt8uYb0w99b9r0UfO7k7MlbxitoWF0LMMzFOaPY0GP1kSGu2jesC0PWzZhXtNaWhRWBI/8PH5DBtH3POELn4eMo0BNHyY4CSOftsAFiSSw97/SgBqA0z+BHBS9NyRKqG//Mbp3rNXvC0ZpZIoBAyvKfFCKg5Sc7hVOpTnY8pzeS5xyMACKU+AzYwJmdAAyFiauoKy1Y1r9AqPudzHt+IswpbtCVrnC05WxQRBf1KMJr+nXN5zYlM1M6bFb8xv3jzt66iPjh82+88bjOiZfPbS2qO4/cIcj8B0RsO+F76gp14wj8O0J2E/3Pzn2mkEffNK+Wy32T4mS4ETtNeyda+i7tpdramZ+3lfcR81oASDTiABcgPAEiY8YUp2CNKQTSESAkoAyllzFcyGuvKzKHXdlsPuyPO8+o3dT+eJtN8rePGTYOk8+OPFnH91z/Qltk68+uWY9OIho6iOhhVHwcoNA2RsBfK0lLTqy7lfhdmGqXycgSYVV48o0arobKWO97L/5Ycd38LCL+r035fMfzpiRnpLqzBjDCocwv2kDFA09Ey18WrpQgwCkBVNbYwEY4YGhcSptqD1DC9/f39rGLOju35u0nWDAGCfzwHoc6ue2cyYFwZJI8OhNlXb/LhemT8PuK80jMan+Xv5/P7Pje+Qv89eY31Y9NE7YgSiya7MgW4Ag4NoLAHgAlUjWPSmGMdCcgWE01iADCQqspazBsMwWqWQ7P/3iI/2tx+e/9Wb48AmiI0nXq0W4LwuaNlLG7wV+vmcCfFUSrnsqUzgprpkD3vkYBlN9/n+r79ukt7a28lGjrsoce+wlzUePuGzAUT+7Yt2ffMC2nfdF7aDPZref11nFS8tx5tKqzl1M4mk0es0jFBQOMiazU6zDDRXkVkHR2FeaoEkEDVk/0xQAz3gSPM5FBoWXRY0CfI/ET5qAkSmJZbomhgwZIP0z2oCONWj6pGHICUiOJUC6RYQQwDgHIGOCylv2lN9u80VxDHEUQ0pbfVQc7H1m6P6ub/2lEYCMNJM2Q6WESXkOS8sfM1l+jaVdf4akY4qO500yadsNIDvPyfLyyCzvGtXcnBQ32SB30+Bt8IE/3Xz8aw/edOyMyVcf3f7AhOFVuwWIiMbat+HtyjoC3ycBtrBxFzoCSyoBWvTY9vCqyzgAABAASURBVIcXwx0OvGTwJ6V475kz1DmJzJ4lTX4P9JoGKR6GtOlA3iqEhJn690DsIgOGbm8ypmmR1gCCCwDQBk2acpZ0+KL2hmC130HaeaFvSif2bICxfVvwtmP2Xumv99x45ueXn3FUd3HIv/fabP8UMFTYh8TUCnZ9AuQgSOiA/fyuNHBaqIRgkMjqF5olb/DmagnqSxn87dh++6LY+ZArcjvvfeGKPxx64Q/fnT//iI9nm7Gpabw4gfxhIJrXZ0FzwWCGa+TAGAcpI9CQQKpqZCnQOkmijlMcA6TtGSRhYr/7JZCRF0FAQOO255QKjNIY1SGYB9Z7R4WAU71oNC2lCZGK27WuPKpV11XNjeae1j3XmWEXO/j2B+5zeLFpWvv8H8ZVcbzU3tAw1zCAhb5QBDE1ksZBRr1gngDuIQDTNC4Niv5JrWisACkwrCS6j+LZ/eaX9C6vfAAtJCDx33XPps2NuwZ2VczOWuTWVzzIZBpb0Ao3FB6TWhTiNNxYquxx87rkmc+9kbbu8pMz1t/zgGLPPfcsZren+2633UYEra1Ff9iwYZ617WnO6lYsCntt02we+5fzW1uvyux15GWFPQ84pec++xdX2qf13I33OnDskD0PKv54jwPP37+E6/7snRndZ3zSJi/5Yo66furc5Ma2Cr+umobnpCZ/kIKGISiaN4plZq1aEvSrRKJBqSBUJisQszR1JKAMwUEfktTQ3WwAOM2sx0ASp0jFABQqEj+cITDQoMmbyjgHzgVdU0hz74UhMBK0mmLsfZXSzBuNQA4syi+Ba6hbGldJiKVGoFSCpalR1dioShVN1G7S8jSTdL0ZleY8qavzJ8vK7PE6mn8pqLaTfew6JvDKRxXyteFNjfrEpqw+u0cvddVu6/WefPz/rfznx+88+60Hbzp5xs9PO7QyYfjwFBENuMMRWMYIsGVsPG44yxiBYcPGe899wgfxKLt3uQxnoGg4N9/QrzWbbf4BE/ZPLTBGqgENLSaknMAarRNgBYZRCkAqQKUMU0qTI6liZDSd6drzqLsnMtV2Iffaz88G8jfNuu9L991y/Bd3jBtZ+icv1X/gmflBC2fGXwkwGChERqQpo3aRJBQjmcCBFnfI5nLgeeILbnDajzf+cUpxaAXjlq2jMj85pNg72ze3sayYA5SXP1PqwkWStoFY0HN/kem5sQhbWjTPCGk4kuIARBoqAlCjIIDGRaLEGFoJEQDIaLmlNjUgnXMGJCg5cDrhtLgiIqUZsN4LoKVMaV0/Z8ZAElVAp1WNstpJi+dTvkjGc94x5be/HjPLsoBvfRg86KBiISrhEDDBcZrl9gnC5hUNC0hCAabkTVQ6pm4pMKiBAAIChTRGTWPUFALNL+ceGPBIxGZJHWYGa/B2TyQMth4q+KrDGBx69NXNnd1ye8WCH2ke9jLMZ4Z4EAJQ9IOuQbNMQH1axWCulWx0rIIx1aoapXx9RLasDxBNzfvWuN5jdmmFneeUB/2ouZ+/dXM/sUXhA/ihjYuZ3ls09hzaFXkHJrxyJEZmRJI2nFlL8Pyq8q+sxeK6VGWuTlXuMoWFcyXLj9SscLDC3G5SFLYCr/EHzG9a0fCGPPXDUySmDctTP7NoMARjOCDzAFHQ+EkyUcdp+oBzRnFA6ZpEkKQTCWhZIRHTCkgN0RgNIIl8RnkJB8UZiMkLlVC6obeO4UQa0UitTBonBhKluNaxoptCJZVObtI5Kil9atLS6x6Pnwp4creA8i897P556FcvzGaSc/KBPi3MyTObm8SFLSt412/SN/jD9mue+udHbznpjYcmnPzRgxNOmvbwxNNnP3TjWR3F4hGRvaeQ2vyqKfs3cS7aEVgqCbClsteu08s8AUOrwbDxL3sdojIoqumhseQnZ/O99pc6WId52UZaXTiJKjR0ByMtEsgBNBrQ9MmdVhsAlQA3ynggU6biLiZrHwoVP+pDdIPPoksyYXJdS78VHnr8Nyd/NOWOkfb7VOobQ21vD7TxBzLM9uDWu0BbdYwWQvubewwMeOTNSmhrhTERGPT7/v7pKSvtcdjY1Z5/DzbwauGQahwenmjvNC/bcmrKsgf7QY8tvLBlAPMLBRQ5TgIS0Q8BqR5FnTNUJ6PF0+OG6gYQzFCspkVUgVLkySLTRgEjDpwheGSCFlFazIBWXqgf5FkjSGAMlTUkYpQEgdqEQncwVX0Wku67Vuidf27KHeNKVI4y1Uv9zz+oHWxtvayhK+ZbaBMcaEzmh55f6G0YbQmS70yTUpDUB9t/Q2IKQZK+IqMxICoasQKw/aQz5Aw8n7ZDSWQlkoVcZFczKNb6tOPTLPzLYdvdcfiZDe3tlc0My+4FPFgdmUfCDEEbQ8wMUB6QBkGSN0iEBYYi25BCsBr387vxoOFnKWbOIsFzLnmPisrkzk9UcEEi/QsS8M9PtX+B0ZkLpKJriktTcX6sxFiNuXMT6Z3CvcZhimVbjdewjeGFdVKTXVWx/EAl8n2ANzQDL+QMz3vI8wy9HCLPItD9o8ADQEGj9eqGwGk+OSAyoPmgPmuKJzMKGENAew/QOdTvewk0GgCgdDrT1hgHhUjjBaCPGJAqCaSeQIIkDFLFSTVWqtYNEM/1QH4GSe1NU+1+hiWV+01U/g3K0jUBkpAS8XkZHp3nQXWs50eXNHLvF317y9v7rdb5aD944fWnJo6aOuWWkfOmjBtZGjduZFwsokYSUdaoQ+7lCCyXBNhyOWo36CWWgP1tL/vXpo8e++vmmX994gflGu4rwub9RNiwnsKgQQHjMS0SqV1QUAMgLR605ChaNI02ALRg0waKyXiY+jyZz3T5lQDKv8vwymWFvLywV9b82u+JT26xUte0yVcPrSEtAvA/Hhobcyhyfb0gn+EiAMbs28kA0oLnC05rXkpxgq69dRH8YxMZju7u9sZGibgIw+YxFe0fn2C4W1Xz1cDPNRjyzTDuo60LOS2wyGhRNLQUKtBUpyKTJDYMjdfY8ZLZ7pO+pBFo0MQFtARG8YwWWU35DRnUDcBQPACCJkaGllhACdpEJESrXSSuHg0zekKvptwTt1x9UhcsgsN66g455OK+KcIuHWU5HDCzneF+SyVWTJFwkIrGZzj1i1HnEBiNC4FSaIz2nGQFxcGCg+ZWU/+1QeuUBK2pHAY9EMPByDM5yoRk9dd4EuZ7H3V5v6gt+0MdZg/W6G0BjOe1USglba2mCQlSTfNCc8OFJQGJrdsyZx4Hng0l+C0gCv2NyK1E4aoUrq1FZv2UZzaiOdtK8sw2kmc3p3B9ClcjgTxIsXBACkGfFAPyPOYK6DWGmuc4CS1MTQYixWlbj0wKGqUPwEk8cwqZR/MMNCZD/V9gpj5/EmgyARlF22vyOmkSocZoiqAcNI92LhcY3SOULsk7laYpMdL1+rRUIJPUxHFFp0lF6rSS0FyXua7MgbTjPUw7n0bZPlmozhu47hqTC+PT8tn0TJJ/xUahrsikpZtWD1vuWjOff6y50vel7Vbt/OhPvzppzv03H9Vtv5M4uVhMJk+erKhD7uUIOAL/QqD+1v2XOHfpCHwvBGg7MDt5ysdrvP30K7tP/7jzEOG3jGCi4Rhp/HVrMYQ1SYLFs7esBs45AC2OQEuwlBpkqsEoWqulIu2VdgpIXiNxdXshjC4csAJctFafvr978JYTXp18S/1TNn3CLtpV6luNU2C+SSMMoGY9zSTJgxikrABgSgt4AloZSGIFcWR6VSO2k1GZgxgvDBVBj10Yz2/GRWGgFmG2O5FM0XikUmBokTS0cCItqHZxBfLiKJ2CVCktwhI0La7GGLAHMtRcYBwEIgpDXwtBTCgdaPmmiqgPksoo0FSfoXhD5egFhs5tnYAxBL6uMRM/HfrJhJVW6/HEPbee3YaICxqwjfyPZozBjo6mXnO70j07IzMqCBp3jiX0qiYpkQKIk5R4MRI5HnAMwP5mm0AETnIHgaaG2CHB5QqBBkEsNSiaZ+o6lePAyOtEt4MoV6NsGgGplAVdtvfQpKceXGvO/O5WzyuckKRidz+T7am0ZKmMIEkiSFUMVAnY1oAEW0psY+JO+hZYkAUUGQAvA8owjA3HmuYsIX8gCSemUPDEcFGRKKqKxD74jEQWAx4iCSxQ6IPhWSANSYKKQS0BSEkMUsU0MgHSMOLPQGkETec05aAUjY1OGABYsczQAKfc1hixQLrWRlI5ElxgAJEyUmhAUZw9B4rjAEC5taF7RRtujGJaJUzLqpFpl0ij6ULV3vRU+YmMLE8Kk/Zf8GRWsblQO31QP3PuOoMKV6/blPndk3ec8MSTd574yp9uPeHDJyafPOOpe4udEyceEU2YMDydPHmoItGsqSH3cgQcga9BwL6nv0a25TqLG/ziI4DWYzV+/Hhv1KirWjpV9ybdJX1EZwlOY6z5lEqZ/V97pxpM2zFemM9DppCjZScFWpsA6VM/gkc9Y+SBoWVYszKtWDMY4F91UpsoPHVJc0s4bpX1V3ji5iuPm341easo8yJ9IdYKClRvZVKepDXqUwqGRfXQLpLZTAas+ONeFhgGpBeyXJkc05BFqUOQWkBEooGHPigSUsJHEhqGFn8J1tMC1iMFtJ6hoZ/UEi2nCnQap6qUSPVFKvUbJDieFD5/Lp8NS6HvGfsdJknlDCUYWriNMlTKGtLYGRnVjxo4KsVQtSFTT/oe/HpgQ8PLE4rDq5ThW7+2LxbF0UdfOXDatO7dA7/pAM7z6zMvlwfhgQhIC1FXDCAYEh4IATDjA2oGpCHIUkBJ0oaAGI2R0qaklC5ppWOtaVQ0HgoBkIPgPnoszCeK9drn8GsaDxg2vucbM2ZsXqvwQ8Ow5+GGZbb0gnxToiQznBhYaUf0PS5AoEfteqDpZmIk2lEgCS8JUZJALU3pnK5pflLFQFIeZTgYTvnpvtPAQYMg42CoHi5CYF4IhtJSyitpygylM/Jq+mEGgMpJAyAoXXCfBBzdt9R/RWMBmiNrhjyPYGtEQ/3SYGgOwQKhO15CQj/t/CuqC4EyAIChe0QZrZTSSidkFbIOrcxM8lp9ktbKr6hq5RFTq97uydo4oaqXeqp6Xg6iswb0DM/baO3+v9is/xYPbjcweuvua0bNuvnyo7qtiKpXTD/cyxFwBL49Afbtq3A1OALfnAB9Ematwy5tuOexT9d88sXoh5/OU3tXat6hLOj1EyMKG0bSH1CTXh54ltFCSR4BhO5qDIoJMgax0bQcGYlMdQuefhSw6FEfy78s8MqVjU36hnXW9B9bZ9zRn1998rfbBvxPI4vShFZLEyAzmMoYrLgxQP8MGYWKFk0hOGjqK/N8YP4CS7QB9AMAiuMkOjiNSVMZzQ0kLAUjqDydp1pBQos9uW+MQJMIk87HpPZGEpfvSSulm5Ja6RpVq07kqXqWK1kmbwWJTVqEqRw1Sl1HWofJSLwwEjQM6ZyocSOVQDkLVO0hDys3BUHlmRtuOL5MBb71q7VY9JsxGUqRAAAQAElEQVTf46t9NrOrtWayh8Xob2RENtQkNkglg0YBTBA2xqktBlprCqmbxEgbkiE6TbSpzQMdvY0y/pPR8reo9F1a65cQsUsBgUIGKQmRBHkGsoX1uZ/fbX4p3v2LOe1DeZA7wniZvQzz19QY5KVG1CRqDBl6AQg/BEHtMyaAMQSGCGgYSSYiRCFDEl5kNHUAaOM4AIklIEEEhoMBBkjn+GX/AZB6hKCBxmIopDpsHsYF2CORqj5GZDZdkZDWYJgh03Qfa9CcylhDpLoXGpUkHoaGSgGgpDZJjDEwmmsluUljbpJuoWqzddz9LsSlZyApPQSy/Fuha+N8rF2YYdULGoLkohV7sst+sHLzdT9Yp+9tO6yzwmO9YKW3Jt907IxxxYNL48btvkg8udRb9/reCLiGl2QCbEnunOvbsklgxHUPBy9/Eg7o6JQ7zuvix7WXxemJbhqhWMOeKWYGGS8f0IKISNs0nLwDihatlHSDPZfASGylOtVJOZGVT0lXPOax6FcNufS6nmHtlsGre49tueJxn/78tEMrRUS9OAkKzyiGUitF+0C0PMYkhhQtvhrJu2EANK2OBg3oummg5RVS0JDQWUQruKIyABwYLdyoESLauoopNaU8USLr4oqBSQUz7cLEb3LVfY/AyvV5L70mhzgxX4sfEUZO09Vaz1q5nNNpDAFHCAQDRATOPEArrgzazgDQnhpVp1HHc3lafTyj01tbmrJP3zux2AmL4GidNImn7/EVO2rJT1O/4cDIL2wSsbCQco523lKaR8N8UJqECp3bL1wboBQSlIBKGpZ2pCBflCa6XaZdVxkeXeb55iqG5ppYyd8YMG8Rz1qKCuyWHtUXJlqsK1n2QMXzI42fP5b7hd1EWFhJ8yBIADAhYZNoAEVzwv0seEEWlKLJAQBDAsYjIeRRGmWgO4uDxz1KQOLHQFM5TWIYKLRTpSlCyYTKp0Cil0yDkRLsd56sSSumKKOiehNiLckLZdPR3geGxukhjVZSdbpuSivQNE9MkBijfgLNnaK8SmlAuitIh0mQKta072xkMt+k1c9NWn6DpeUnBFR+70H1Zh8rV4a8emHOSy8t+LVrBjRkfr3eDwZP3nH9lR79WeuAV/7w62M/m3DlgfNvKA4tF4tDE7vNB+5wBByB74QA+05acY04AkSAFjQ8qXhP08d/eXuTJPYPVTp3gtLBTyWIH0rgP6Cwl0Ja8WixQWTAadtGkRChANK4BiZJjKyWY0wrsyBue9bIzpubMuqaASvk7+yzQuaFDQd1z7DbXMUiampusb+Y4mXGsAPBaM5JNGgEIOEgaYEk2QVSazIFVmgpWnStabtg01JOK6tdQkEgB6YQaAMMkNZtljBQFWmEMnFOsHkhS99USds9Km27saGgbxjcM3Pfzuts8Hb/oM8cv9EwbnBtANyctoYK5I1BYb0z5K0BasNoU2/f0KJvdArGxNRPNR8h+ZPH1V0DW3q+fMe4kd2wCA47t+ETn/eoxnp7g+E+PMyupTHIUg/RziV1hbSCJl0iqTdkVnLRlh0yaZK4KzZQ/VTK7vuUrlzTuwf/RaG3uGeVltxft11r/sd9RK8PfaH+kiTdzxmI5ymClZKoTXSKymAe0FuVs3Bj7uXWYjzbw6DvKSTJBpp0kwJDggxpaxDptlAkkATjJDw1MGVAJjFIWQUk+NbsOZgUfNJZjGtAZstLYFQHQ0mk6JrEEtC1NVu3AUVzLBeYTkHrhMYZ10M7qbYOjgaAICDdB5o+LRi6RxjVhhTP6CTwuRaoU2ZUFSFt06oyVafVN3Xa9QzKtns8U/oVk53XcF26PMzrCxtbvMv65PiNK2Xz96ze0vJs874rvrn16tVPJt9yxPwJxT2rVky5P4dAgN3LEfgeCdBb+3ts3TW93BAoFm8J99//wsEfv/txayqDUUK0HCN485bI8r3JqxFqkga0mqGh1UYDpyXLEBsDvlVXKoKcoJUo7W7PmNozgSyNb8DKz1fvBxMHbbrZX2+/+JBZE4tHRLTtqKnQd/byVLUTtZrmcUyRWtWI1G8kUWMgrYsrDeTUAKUAjPXaWDMIgvt1Y4YB0xqQvBY+jZvT8ipSU2NpMoPL+C+1zjnjaVfwopDXrmrpX/j9lgNPfuvOG4/rKBa3VzC4I48aNvI8tgdjYnXknjAsAEAftOWnbY+ofgo0ecYQIsNJlULS/TDzoltWW3vQ8xMmDCsBgCH71q8jjhgbzJnTta4yfA/uBWumCgKDiJ4IgJGgYYyRiAEy25wCXhcoJEZkpeIJ9XJU6/g1g+5r191goymTf3XaZ/fffEb9O0F2TidPHqpWGhB2MJ5M0zrtZtRnBAQaHdUtkDGPcx7S+EOuUSAZzQP/cmDUHnmKjI5JzCpgQOKJG5BJVaVxd0XG5UilVY0qhYA8f6HHIBdySJIqCMqHJKosv5S2gDXVQ20DQ2qbxsM4Ay44cA7UDwPIADQJLCvQOM0CkBDTVgjGVUjiCgC1kRMe+JQPZKwhiWJyxHbIWufnKu56q9Y977m0Ovdek3RczUzlPA+6z82F5TH9VzAXbPGDAVfuvP6qN6+/Xfa+xnK/F+6/8bgPJ9968ow77hhZmjBheDp56MIvoNP7BNzhCDgCSwIB+1ZfEvrh+rBUEvjvnS4WnxStP7twhefemr7r7Ng7JTG5E9Fv3iVR3gAmcgHzAwQhwNB2VooCaIGmbRQkDwBAHEe0JsXKY2l36EXvZETtdpa2Xz6gJ978gz65Z3577UlzJwzfJP3vvVg8OfyW5g7q/qeex6tpmtDCy4ExAcILAEXdBQKAHGj5BTAIjAQVB0EhjY+284AWXzSpRl1LfaY6Mijfy3rwQIDJtYHuvrRfTty06ZarPPKju0Z/MGXcyFKxiNpWdPhJ1zR2fjJ3c5PiUKp3S0Swf0QJABiJOTKJYAzSuQRPAAgmTUDuD2Gqj7c0iImbrNj/pXHFg7oB0MAiOEgEsY5I9GIsv5lEf4NqChmNJHyIg0FGrSDgl94bJDGJ9tc9tTQ07s5apfOxrtL8cT0a83cesuvgd633ZWGXbL3btxbzux/4i0GfTu/YmBl/YyEyPTkLGOcBMJYBNB5oslRxSCRpFgN0DzEwwMkEIIlajgICRluTcQy+UYrr6oyWvP94KPQvfU/fmhHicaOTN8udHV8ktVqpWiknIRcqYJ4RVFZQXUzTOBa4xQApJAVH88iAG14PbTozCCEJyqyfNR5y7TNPZbxA+lwkAceKSSrz4/K8aao6/y1fV5/0TPV3LC5dLUz36Z7uOqWlYE7v0STOX31A/5t2/vHmvz/orLMe+9m+Y164+xdnfXRl8cD55JUqjxs5Mp5MgpMY0Ujpp3s5Ao7AEkuALbE9cx1bqgkYY7B11FWZN754ec2OTj40hvB4Hjb+NEZvdeYHeS/M0ZpECyGjhZBMIasvjIpEiPX4KGWMx3mZQfKBB9H9gamNK+howjrr93x2nb6lWePGjYwJ0Pe6yJQ/ez/1jPnU52YOeT90YD0aNBYhOAkbWtwZgqZl3pCoMFoDUMhJIzGT0CIdSTS1spHlz2vl+X+plWbfZaL2a5nsurIpVLet1NzzLw9MGjXTfkm/iFTIDpaYHnLqbdmpU9s2iBN/KPDsjxjzewIKWts5GBITqTIQpxISgqiNJPFBnhKIO6Sq/IXx+PcDBvV+7fLLj1pk4oq6Ra+1hVJiELDMxgqDXsAzTPhZoF0wSKkvSlI/tKb+0XQZQ74nKgI6JQH9nvDw7p49m57cfLXazOHDh6c2Zfvti2LPYeOzz73CB5XnpzvMb287AqX3M8EzO3Lm90DuIbPCFdHqHGpHgaSxSrqSRFxTPAAn8eMB0x5wEl8mVeAZAg/xB8JLb+4uzbycQ/kXgaxdRfvPY5mOix7Iq1XUdWta6X40qZTeimtd03RcmYcy6qL0ClkVFLmjdFQFGVeRzKQ1Oo8qFN8tTNLFddKGsjZTyeon3MRv0PWfaZofUlH5tx5WbkTefangtdFclM5C3nVBj97BhI23HvzA/jvt8uej9jn9lS1WrX106/WHtRWPGBIN3wTToUNRIaIBdzgCjsA3I7AE5GZLQB9cF5YxAvb/ZvvpwZevMH9WtFN7GYfFJncYzzRuobxsT/BCTzGkBTEFhYq8VUAiAOshaQOg9RfQGMlBzUEVPemhGh/w5JrmrLo7D6t+sOA7VkVSK98/tHx+ttRJ/KGKy+9wkDWtYkAtwSgJpB8AKDQyBiMTuk4AaX1HHaXkuZlrZOVlJUuTtewaJ7ByaS4nr+lXyE/ed8fca/fdeeLciROPiP5xYTXG4NDjx+amvv/pOsY07ctF4w7Mz/czTAgLw2gkIAiIDJD4ktYDLpB8KmknmugJUOVbCz78pQd8XKaMi/T14Yfzc+WaWrMcm9U1hhkR5kFSfxR5rQCR2rIG9VPOOAghIPT9JJ/JTQPtT9WZhviVVyDcfLdiw24HFQfURPcWHZ/P2aeqgmF+pvn4IOh5KPcK2zGe7Q/APTtekmt0/xBrrgCIgPFIg3AyGjsg0IsRbw6iLrRQM206aH5eTWudt9Yq827rsWrD85tvMPqzLTYa/dEPN4xebOgj/9gz4LcWArgy46kLZFq60NS6LtVx15UyLl2voo5b0lrHRBV33mzi0m9MUrpVJp23pnFpYhp3/cok5RsxrV4HaeVKnZQvRVm9CNPqBSYuj0VZGpsL8eLGQF+f7VG9c3CDenT4T9d8dft14NP7f3XiXCuih5Mn1oqpYnHJuLfBHY6AI/CtCbBvXYOrwBH4OwE88sjLCl2J2KSjZo6VaXAGeI37G5FfW2ImhzxkijwPUbpAXDFOGoTcHNxu9wCjRVFqzmTZE/FbfpD8moTBVbks+92ATO6N3044pe3LrZG/t/Y9n02ePFl5gfw8lZXHjSp/iKaWoKoYpiOy2HBITMBV3XweRz5LZnkYPQWydJUQ8bmCRZc0ZWDiwAw+te1aycd33nlch/XiIKL516HtNXxCZt5UsaaCxv2AN+2lRW6ABNrHIm5JqgAQAay4MAYygQ+hx8hUTP16nbPod8159eT6qwBtMy3yBRwjqDZIEGsZFvSrz7FmIGkEmvpCr3q/OOfAGKduInjcg2yYCzKZhjUyYX6f8qyOQ2cleITR6QmdJVkMsj3O94Kms71M45FernkbHhYGIg8KCkGkWkFqvVXM+qsSiFUVUqgBJ4HFOQMOdCgNKFNgKjE+13SzJZ9AWvmtSquXZbLhHU3sg08nX31yrVhEvcCK8oEJxeo995zdPuWeMZ/rMrzqx95DK/bI3Rbm45vCMLnK5+mFwlQuCG2YrZyvWfkCDeUL4rDrAkz5RYLD5WFWX93imRt6eLWJvYJwkh9npnT1/fT5fg3vv/3HSadOvf+3Z899fMJlXRMnFuv/H98CMfX/zzWNYEl4uT44Ao7AtyTAvmV5V9wR+BuBw0+6pXF6m9pF8/A0P9t8tMg01SrOtgAAEABJREFUb6Eh7KUg8BLtoUYfDBfAaCGUoCGRCnwRQFSJaG1N7PeQ5pi04ykj26/NmvYbVx/Cnr3/V8fMsV/iBfJHwBJ4rD846ciEySMcqzc3hPrppNbxQVJu+9yk3dNoQZ7KZdf7qLqf57r8B1TtVwhTPmvwIH/8juvFT/z5D+d+/NCdZ3VMnlxMFiy2Xz3A7WnLrGve3EFevs9Pwmzv/0u0PxC4L2KjSWAoAOKpSMkwxiATBuS1kSTwahJM5bOmvHiAgXpu/cFBx39qA/7nw9Cc8qw22EcbnlOGNkFpm5c6BbY/VvcBLqgc0Z4wMNTlNNWeSmE9RO94389fkMs3XhRke57j+y2HeZmm7Vi2YW0Msr25F2YM97hh9v6hx5UngJGa0SS0JIkoTQwMaFBUGWgDQOKKa2m4SRTTtc64POtlWZt9fYDd1/T1koen3HHGjMkkjBf06P/7aRDRPPVUUZJFt912WuXxyZd1/emeS9r+dP/Fc556+IrZ9XDyFbOfvf/ymdZeovNnppw970/3nN22YC7P7KL5LE+efHJtypSR8SsTJqS2PVsvLKH3MLjDEXAEFgsBemItlnpdpcsPARwx4rpg7/3PWXHOzNn7+vnCMSKT/VEiWS/hZxigD8h8UAZBSgW0LgLnPjlbOAgmTK0WJaFgc7mMnkxqbdd7QXTp4D76vgd+M2rmhC+/k7Mko7SiJRO9OyMn9F1dcz87M8uis7IiOpPL7tO4rp2MScdJHlRG9C3ws/r3L/y6EV59feI1ozptORqXIfuPL8rH/JUL/WKT2z3R/t4JiAEpIlZ1Aoq2x5gvSFcgGFItCMTX/skBE6U5L33f05WJXJUf2HrN7eZSPfo/NvQ/JhoaQTaTFdzzfSZ8JFUFGhHAfves/j0wA5oySRJCdlsPKE3SdTVOoZbSzh0GIRP5Ru41NXK/MYteszAizzT30TABikwDozoANI1AKQNGIXDtgYcBZEQOQpYHT/nAU2MyYNIA0nkm6XoOZdsvlZw3tlcB7jpmvzU+JeGTAIAhcy9HwBFwBBY7AbbYW3ANLLMEaNFmBx57Q9OnbbWtumvecQn4I2NgW6OfLfiZLKbSrma02NKiardvDK2QSqYg0wSSKJZaJfMznn45kZ03B7x2ec/G7K96rrzCS1aAIHkSlhZw1kPxwG+L859/5OrXdtlYPLzRwJ73rtqy8gM/6N84Zc3+Kz/5pz+Mee2uW0754o5xI0s279cdlzEG3/jUb05jPkR4+b0jDYNJQzAvnwX0OACnty8CiVdjdQtomYCRtcSD6BOddN/ekIO7Nlh5m8+LxSE0E1+31f8lXwIknmjjztT7oklMGS1BK0mepQQkhZqUtY23pug+0AaozzQGRoaCpKEAaaxY9OjcA0miSpIoJ4cU1QmgKb+hOEoEppG8dOTJUgw4iS2huKGdWJVhppTWul7DtPu2pixe0tLCr918cPWp++48e+7QoUMVuMMRcAQcge+QAD2hv8PWvn5TLucSTmD8+Je91z7vtcK8tuqu5Zp/rPR7HKp5Zh3NgpxCD6NUQZym4HkeLbS0ttGiSltVgCC11mk32YcAyf0My9eu2GImrBDmnr3vl0fPnVwcar0MS/jov7p7SKKQRGdif8Nx4sQjIhva7U0b/9Ul/nPswSPHFWo6u7WG8P9AeOtjKMIUUkjSGgkODWCIKAkPTkJLSUl6yyQC5acmqfw+z/Du1h0Hz1jc4gpJ4GmT0uxqZeyLpBaQMWNIDmkwJLY0Xdt89jxVKSgSX4YcSSl5uBTlU3RXaGRgOAfJaEx0behaU2jTrTijikhJUk4qAyTQDYlJbpTxwKQe6BJT6ceYlB/JCnVtc9ZMWDGXffq+X58+a9y4cTHSvPxn0i7VEXAEHIFFT8AJrEXPdJmvsThpkv/gc4+vXi7H+0YydzT6PXbiXo++iheEZlmoJQiGhcBoazCJE+BEBMm/oXUSqbQ2NU66/yiEmsA8c4PXnD6yZt8506wgcQshgfryNWrUVZlZM0obAAsPSiVsnWpVUCZFETAQtC1IP4mrRyJGgDKK5IpSpLOmcqMn+wiTeuQbp343XhsE7fsp9SlightGAkmQ6EJm5RGpP+oZzStoNKDp3P7UdKZRQSJjiGUCqU5JNipQzIAmS2k80qQkxROgewYMnRsTkW6rApgKgC4ro7qqkHbOlFH7SzKafw/Izutz2fTnzc3JQ6K24icTJgyvUru2A+AOR2DREnC1OQJfj4ATWF+Pk8v1JYFicZL/waMz16xU+QESw8NBZLZAP9eYosck86CS0vJJYUweLBQelaJFU0lybsQVk1beYKb864IvL+23etNtetDKb06hbTPy+mjK6F5fErDewWmz2WqG5f4vSsSPkIXNXPikF0jMkFBVKgVAeusa8vgkEnQcm1wg5smo6yE01UnZtQZ9SAKDMsF3cqAil5JMKkwlKVL/wJDCIumnKaAXGOvFMgbsP6R4IM+UJgPBwXCk7UBDAktDSpkVGtCoKa8GsPuBKIFxCR633tCERGSlxLH7PQZd92s59xdctp3fkK1dsN6KfX+z0SqlVydPsF8yd9uBBM+9HAFH4HsmQE/p77kHrvmlhsB11z0cfDB9/pqlkjgQTP7/gGXXBN/PJEyi8hXEJiEvhIRER8DI05KoyHopFJq0LSvMs4Gp/XpQTt6+/3bhm5OLQ9ufKi7u7wYtNWj/1tFh48d7j7767ErzFe4RY27XmgpaNGbQGJ+2AANghpM0YeTZkZCS98dTyoRatZlq+yOgu/6w1Vo9Pya2yd8qXPwnBpIk0bWoA3VSMyT2SDFBklI0iSkkj5ZHxsmXRDqLJBMDQwJcgwDAgLxUHgkrQV4shIhcddUopntGgVSahBkY3+OKdpkj39ezAi95Weju2zOi6/Kc6Lhkk/X7/XLEYes++dCdZ306btzBJSfUwR2OgCOwBBFwAmsJmowluSvWc/XsS28Nbmuv/SRKcS9pgpVokQwkAJJ/CrQxgMhAa6BDQ5pUjZG1mEP0GejKgx5Evyzk8GHYc/AM+7eeKJN7/QuBESRg570YrdHWEe2VGLaPQrGi5gIVItgveStlgNw7oEmIaCWBo1YM4xnE9iFZ7rwjn9FvFYtH0F7av1S8mC8V1kgbxTOENu0eIxeUlID0z/ZZUpcl3RvAOHBSSoAMUqVBU6KiMSCpLg6axiKB6ZhKJYaTSuM66jRp+fO01vkKyMrDSbXjV1xXLw9z+It+ffvcN3y/zd65/pIT2mgb9LsUk4uZpKveEXAEliUCbFkazPIxlu9+lK2TJvEXP/ywX3skd04B90o5X9lw7muk1VQjGDLQdCtJBGGQFkplcp6u+jx6k0P3bRwrv2rsHTyR+fGA2ZPdb3PBVx1WwH7+0vs/aO+oHWAgOEB44dooeCB8jpo0i0UMJFToFLgBICGjSXrN4Sx+WJrOiWFD+NLDt4/p/qq6F3dcTkG1Med9HHj4mYcmQpAQegICLoCTKWSQkKiSZNpYBU5mtxJJUGU8DSFLINA1mcO0O8fTqUyVnmCq83ZhSteCLl0UQnJxrqB+ufrqjY8O23P0h/a3MUlYqcU9Lle/I+AIOALfhgD7NoVd2eWCAIpHP+oZS7Z9pL19UsbXkMiDBDTWf3eMFntSAEBuFmASwAdG4gq7OcYve1j+dY8emTv7riBenXTVUR1OXH31/TKetgXfmjptcKlT/5Sk6b4phGuTHyenBcfYKIhVClaYICLYN6zPmAlBdzMVvYA6urulxX/lsUlnlBCt/ILv/KhU1k5zof9JGpf+zE36cS4QCarYcEV3ibZ9N4Ac69+rMiS+BCoSiApyNIiAxWUmS18IWfqrp7vuyGN0ZZbHlzZkk6v65uG2FQflHjt6n1Ne/+PN50y/oXh82f53Mt/5AF2DjoAj8PUIuFz/RMA+r/8pwl04Av9I4CfHX9wyt9PsiF7hYPCzGyU8yCa08GvOwTAGSN4JtPuCaUriSpsQZYmntechav/12v363Bds3+uzyVefXMPvafH/x7EsieeTyDv49Ivd/ds64z0U5vdkonGw0kEoDWIkFdRIXDHOgTEOgnh7JFM4JJGOu94SsvuBnlnz2n2/Pr38ffKdPHmo2mDNVWbmA3wgidtvVrX257HWOYfrSlnoOEITJ1LXSGnVUm5qNdDd7SbpmGrizudlde5tpjbv4pBVzs1g7fJBA3vcumZTr+cfvW301HtuPbvN3jtWVH2f41sS7xvXJ0fAEVjyCbAlv4uuh98XgT2HFbNts8wu5SQYVpHB5hFkCsYPEX0PwBPAOAMOCAKRQgk+pl2BSP8Y8Mr1K/fr+9D1lx8+x3mt4N8eduv11sdnrvDZnMqP0WvaH3hmVWChx4kx8wJQCMBJWHnEmhNj1IpoxzUBtZd8qE3s1y/7uNhzUBsuAeK1WByahGzVj5q5ugNk+5nVytyzqt2zLomqc66JSrMnkJCaCEn7r2TURtczz5O1ecdmTNfPsiy+YJ3+4a3Dhq73zKOTL/zs5suP6l7wG5Bo/i24ZTfBjcwRcASWIQJsGRqLG8oiJFAsFlnS5a0JkDkQRMNGmmUKknkYGaSFH8mPYqD+ByBBkWfFmFygqoGI/uJDZWImo/7866uP6lgSFv5FiGSRVmX5xnfP6dMxv7azF7bslxhvHR5kfMMQJbUkDQCiAI4cZEJbbWlidFqpmbT7zQCqt+V8mLLv9r1mLkkC1nqyHnigOH/7zS98cZUNe/+uIefd0BLEP2/M4gU9snBez4CP6dsQXbHiyrlb9tjy8kf/ePdF7/zx7otnTZhQrA51380DdzgCjsCyRcAJrGVrPhfZaP7yTlhQkN0aRcPGwLN5iT6khm4XJIFlrLjSoNMEmEqMgKhLYPRXwUu/zeaiv04af0YJ4HvwQMDSc7z0YdDYqaNtgBd+mmKwvuZhJjUSNdMkWfUCAasUMKOJsTIeyFrA5HtMVibn/Mqjwb4rz1lSRUmxiNpu7T11b7HzT/dc0vbcPcW5T00uzp4y+ex5D915accDJKiKlAeXAM/b0nPHuJ46Ao7A0kaAVsylrcuuv98FARGEfWlZ3y41ogewAAAZCMGBMQYpeVRQG0AtyXMF8xlWHtGy8/p8KB5dvU/chW7hhP90FG95MixVk42M8fZFHm6CIlNINIAmTSo1iVYKOQJ4JK64SsGHNPYwfpfp2p19mr17W/dcZ8aS5Ln6T2N1aQDGGPxHc0wcAUdg+SDA/mGY7tQRqBMYNmy8pxBXEWF+TWXQIz8KcCFA0KqvacHnSoOnFTRlg0rI5LMCKjf36u/98bcTTmmjrS+SCvVq3I+vIGD/1tXTf3x+fR40HpAab4gCr4dEAkt8U5OC9V1xRMBUgiAPFokr5UNtWgjx7xsbwnt0daWpS6rn6iuGu1xHWVF15OmnF/YceuKKQ4eevIoNDzzmnN5nnnlD8xW3/jFn/3Cv/av99hcdbN4lEZbt1yiwv7gAABAASURBVEL7qv4tTLNjsEbXjJ4BzJ4Xn3xSPElWPy8W/xZvr238AjOUZ6E9KRaW+f/TFuZZGC7IuzC/rdO2u9CoH3VR+4/XX9V/F+cILE4CTmAtTrpLad2zZWfIvHAtw4M+jHnktdJA+4FgZELeFANIIsvnPCWP1cegK48MKhRevu3np1UAyPUC7vh3BOzfunrvuTfWrtb0oeXY7A4804s8VyjJG2g9g8gEFWUgYxJatP3qMWM8Hc1jsjqFq+4/9hT8i8mT3X8DQ5CWitcxx1zce9ZHyV6VSJzSIf1zJTSeM3uuOvmNT2Yf9+cpzx/26DMv7vnQ0w9tc/vd72641/+dvUbrsEsH/mzUjSuccPq4/iecMK7/cafd0vfEE6/pM2LEdb1GjbqqxQqzY0mcnXHG+EaKa/gnK97eYOP/0U4qXt30z3YLXf/dbF3Wjir+quX4s37TY9gp43uOGHFzr5+demvvw6nt/Y+7cMWdDzp31d2Gnrv6roeMXWWPA88cvHPr6JV3br1g5R0OLA7ebb8LVtntkAtX3+3AsT+49d53N775nrc22/vQsRu9/LG3we33vb/Fq7/887ZXk/3m/nc3f2Uq2/jlj2GD2x/4cMPb7/t4i+tufmbrcbf8dfvrbrlw16snXrj7L35zyc7X/fq5Ia/e8ty21/7mL9tc+6vntrvml+fvcPWEC3e8+tfnD7n2V+dvZ8MrJxZ/dPmvij+68ld/3u4lqvuFCc9sfcUvn97qZmr7hU/Z+m984q392kdsnb0OvGDtHx968Tqvf+it9+oH3rr77n/hmj898ILV9motrnrICeNWHjlm0sCjT799wLCzx/c78ew7+9gxH0GcLYeTTrqlaRgxtraQ8XHF6/PWhhXHZw8v3hIeXiyGI667LmhtLfok4kRr6yReLJq6iKTrerhQ5NmQ3JhYNzBIN681CtxrWSfgBNayPsP/w/h4Judz3+8ZJ2kGOCPvFQetY6opBQ4Kcp5QIWPTTZo+lg3CvwwZ0rNEie71HwjQgzp48aP310gMDtU8+2MWFPoY5iMwDsLzILF/1ZzoEm2wX2wPPV8HHGakte77ha78vkfofzRhwvAU3LFUEBg2bJg3vb1r82rkHY3YdJDSTT9NTcMBGDQfIzF7YqTCM2IdjC7XxLldNTivKoPRHXNqZ33w4Ywz3n571unvTZtz+seffn76O9PaTn132ryTXvuofeQL78wa8cG7s45/5cOZx34wvXPYRzM7j7b24YyOYz5885NjXv9oznBrr308e9irn8z92Vtvlo99683u4954vXTsG691H/fWm18c99bbM457h+ztt6Yf/+HHbSd8+NH8EZ+/OWPkO+99dtI7n84c9eaM6ad+OHX6aZ9/NvP0GTPVWVHZO6eWhufE1eCccq1wTpRmz4kUP0fGwTk0ttGVEhtdrrBzuyp8TBQH53VVvfMqETuvnPjnVWRYLKf+mFoUjqlVw2Kc5MdUE39MNfWK3Um22B17YytJbmyc5M6vJtmxVZUZW4uDYjXKFisqoLK2fFCMZGFMbBrPi3RhTKVm8xfG1NJcsZqEY6pxQOfZMalqOC+Ns+eVZfa8qs6dG+n86CgJRpfS4NySDM6tYG50F+TP7TbZc6fNro1+453PRn/86RfnfPBx55lvfvTF6e9OnXnaZ3O6T3nn45mj3p4554RPp3YcO3Va57D35kXD3p9bPfrjD7qP+PDD7kM+/aBzv+kfzdn3i/eDvT94obZnhyd2e+YDvmOt8fNt35h1zebvz2rY6MO5vdZ7b1bLDw499qZ1DhzxizUOOf6GVVpH/GKlA0+4fuD+x101YP8jL+vXSmLuwGMvaT7uuOvzo0ZNyhRJtBUnTfLHjx/vFYtPikmT/i7YrEBbaEvFze86+TcCTmD9DYU7WUhAphEatH8OUqOmTStlJCDdKfQCAQi5MOwSAE8zVI80r9D0uduyWkjuq8NW+nT7SVf7oIrCfQwL9wIM+jMRMkUfZjn3QMoUPNoiNIbKk7MQtNJcy/mgag9nfHP76v16v37rradWKfV/frmC3y2BuXOzOSn5psALawMrtDCvMWd4rsCDpmbJcr2kCVfUIruu4eHW4OV2Ujy7jxG5g9DPH8qChsOZ33C4YbkjqOxRGhqGGdZwrIb8ccrkT5AqOzLV4YmxzJyUqtxJUudOTFT2RGlyIyXkKC1/YpzaPLkRUuVHaGgYoSBfP5dpdkTypaVp9gSpC8dLaDzOYMPPkDX8zIhGKwCP1ix3JIqGg8Fr/D+yfQ0vtGrWMFSz/H4KCvtJkx+qeL5V8wKlNe6BXvOPDGsaQraTZo27GNa4HbCmLYC3bAmiaXuFhR0kZHehcjspzP+QxrGVYg2baiysR/Wtk5rsBgobNqG4Lcm2ono2N7xpY8MbNtassJnE/JYKGzbTrH69qeYNm9P1VgoLWyto2EZjwxDNGnc1rPHHhjX/mMaxF/CmPanvu6HXuIfkDfto1rAv+C0/1Ty/nxENB0DQchB4DYfT+VEYNBxtvKbhxmv4WcLyI0gMj0xU4UTLVpqGExOdHyVl/uRUZU9TKntGqsIza5F3ltT5cyjPuaUSntfRocfM7cDz5rTL8zpKMHp+txzd0WHOntMWndE5X54yb158csd8dWJ7iR/bPTs5qmOed/DUtnLrx/M+3/P1j9t2feXBT3d4/K+lbd+f8eZmf5gyY/2PPh+35mczsysfdPT1Aw86+sqBhx12df9hw37e84xLJzWSNzx/1VWTMtaLVhdltBVrPWff7V3uWvtvBOya+d/yuPTljEANCqkB7NLkogKuIJUxGM0AlUcCy9c+9z4HFT3RqyV8sze86xb+/3J/qOYZvatRuJMxhb0M5gd7mUZhSLEyTkypLDMAgoQVAwNMp4abWjfTnS96snT3oAb++g03HFdBRMpFmd1rqSAgPcxpD9dOtGlIGUfJPEiZgBQQNPdAiwAlelzywDc8E2ovm1NerqBEtjFl2cYEs40pZpsk5poNz/cAke9lRL533Xi+r2b5FbSXH5Dy7IAYMwMkhdor9DdkKcv0pzr6UVxfKXJ9FM/2lV6ujz1faNrL91Z+oZcWuV6KZ3opkeupMdOSYtAseaZJUT809YfEXw6ob5qFOcWCvDXN/LxGL695kEMvmyVRmKH0ULEwUBiE1lLwgxR9n/L7mmUoDOk6CCTWzZfM8xV6HoVCoi9SFBR6HtXtafQpDOhhE3pGZIRivkd56vHAgnpaajyP6vdSqicB4ccgggS9kCyTMp8syEoRZrXIZjTPZCQGWepXTrHACt0c8wt55PkCsFyDEflGg7kmg/kmjbkehuUtj74JZvpLnl1BB7kB2s8N0jwcrFmwhmGZdVDkfsD8/PpcFDYUomEz5IVtmGgYgmHDzixs2M34+R9Lltsrxcy+CYZDq5IfVNPi4KoODovBOzrWwXExBicmkD2tO+Vnt8UwuisS580vw3lzO9PR86v67PmJOWVekhlRTuH4zogfN0+a4TNr/MgP35t18Guff9769Ouf7DXrtXSnx1+qbvvmHa9u8tbU/OoHD7u636jipJYFIuyBbF180dYlvWmQzL2+YwLsO25vKW1u+er2gMSPa9Xa1DSNupK0RoNXJLAM0MpAThWV6iSdFmbNR/03FyX61KQpg3v9GwLF4sMN1bLcLpXBvgrza2nIBIoWWmD01rOPPHJbCWSgZQpAJoA2Y1jyOlOVyYNX6vnKzTefUQZw4gqWsqMMcUYB9vfzGU8xBEnimd5FkGj6wELnKXmGU61BGgYKOBgMQFtjIQDPgKFQYwiaUbzw0AgfwVtghkJrKAJkflg30haIXkAWIlBeQ2U0mc1nfBtPFoSIZPZaUR0k9FBxDyXzIEUO6GeAeyEwL6D2fTIPjBCguQDDPeqXByh8QM8HIGPCA6BrwwQoKi/JbKiA0biQxgqQ0tMhBQQbZ00aBPr0Vr9ecE7XNLeSGEjKJ6mszZ9SXErnit4bqS2jDaRkqh6HYBijfgjqrw/M88h8QE79YAxsuYTKS6RrKq+tUf0aETSVN3St6twZ1UNjo3yGTJMZ9CjOR2AeAhdoGCcTjOIZcWDAPQbM59zLcOFnOGIgkIVC8IyHIvSNCALN/VDSRYIsk6LISR40QJBt0l6mxYhsD/DyfTCTH4B+fjCJ2DVIiP1A8eyGhuc2VTy/dcrCHVLM7J5A2Jqq4NDE+EelGBwlIfxZosOTypKfXo69c6oyOK+cemPKsTivVvXPLUck1Lrh9A/f/+KkN1//7GevfvT2/k+/XN3ulY8u2uyAoy/6wUln3rhS8fJb+haLt/YuFsf3vPji3/SwtvD8kktuaD7j0vHkHbs+T3H175oVi5P8YcPstmWRgTu+MQEH7RsjW/YL3HLL4THK9LPQF/PsF9vBaABaGOgHhPmQpSAL5e5yc/Xl7sB+N2DZJ/K/jfDUK27NvfThS1uWqnJ/w/yNDdCnaGD0mOf0UwAwRkZs6bGPtOSEHiYM5DueUJP69+j3xPifD2ujlg2Zey1lBDg0+gmtjlGc0iQDpCSegQQCkoFUoK3R+woRgXEOXJBY+FsogDFOxgDtPYIINkSKW2iMcwBEAM7qZpi9gwzdRQaQythoj+I8jmDNF6we1s8pjtM9Z42iwRplpXJIVZIBmQGS9QZQ0bkCysOoPAdfCPD5l0bCSti20KYjCBuSUfVgDe0zg8yGDAwsNA50aE31K2Dmq63eNzRgQ5sHKd9CA9TUV7OgT7Y/JLA8CpEGgcTUKJJnSgJQaDRJWxtnyVAIVKc1pVNQlKapf4ZY2DikNGRQr5sTQKSxGQDQds4oRKTB2bh6GgJSZk1xitIAEOzBKK9SiuqmOTY0HxRtqAwnZowMBEfmCeSeRyYQqRGGggkWMMY9zkQoUAQ+Y34GQRQMsGaFvAVZ0IPzoBei6IfgDUT0B2sI15Ta31BKb2vye++YavF/iWJHpUackEp2MsWdU0vZxVLhpaUKXP75zPJlb7w156LXPpp5/qvvzz//r29PH/vcm9PGvvDOrPP/+ubnxRfenHfO+6/POv2V99tGvvre7GPmv//ZIa+8/8Z+szo/3uvVD6o7HH70hVscd9r1GxxzxlXrHDfqqlWHjbx0oP0ljGFnXNp4+OHF0H53rLXVfndswW+MEg8aPf1cjl90Oy3Ho3dD/0oC9K43kETz6XPzzEAw7SEDxhZYLU0E47gmy2T2eHdu1/Z7HfPzlQ459dZca2vRd2Lr7zhHjLguePnlT38wo71yAMs0bIk+bf8QOPtpn2CC+fLRYx/gthRntAKo6lSfxQ8R+ydyTM+pz4NNdLZ0ETAGayn6Bnzp+RlQRoPve0DzCWBoxq3RiBCQboUF7yugg1LoJ70QAcjstQH7D0BTmQXXAEDJmiylejUZfJlXkViQtLjX4wCoKQNWQEgpIU3TutlzKwAo+W/phurgVJ9RGgwJH0MigS6BAdI/qofiNKUB9cHdWcyrAAAQAElEQVQa6RAglw6dGtIlZNQ+ItJYKD+F9AJEew71w1A5TXVQTV/GI+UFMgaccxAkjmyIiPV0Rs8aRAR7IGI938I4RAQEOqhOQ6LLUN9t3YY4gb0mBvV4Ek+KBJYioaXpvB5Heesiql4B1Nloym/NUH1AdSxMV1QXgLYN0TiJC5U19oryWYYJ8bRmzzUxV2SWvSJOlpVWBv5+rklgK6rH1kC1Uh1JKiG280KsDXCqmcyQBKUHA4IAQDKaAa04KMlAKzLDqQ5BDwoPNPoowaMPu4JL9ITGkLxn2YziYSExXnMKfq/UhCslytuQPGRbJSYYkuhwz1jn96vJ7EExFA5JTOGwFBoOk9BwSGryh8W64Siy4anJjqiZ7ClRmjuzlmZHS8gXFRYuaY/xihlzuq+YNzu+Ysb86qWz5sfFz9tKp8+dWRvepdmBH89+de+GfvN2mjo798N3PmMbth5+Wh/r/YLl+GDL8djd0P8DAZ6JOlSl9FrIWZkzVn8Ion0Q+j4q4H3IFf4ThdmTqhXv2Hlzyz/p8vJbDDlg7KB9Dr+6aTcSF/Qk+PIxBsvd0Vos+q/Pbl+lVIUf80yP7QxmWughyAz3QNHyoLQG+2BWUtLTth6j0CSz0XQ/qnTnI40Dw88nTHC/MbgYbxzcfvuisA//YcPGe7TNLbYvFsXGw4Z5du52o/vXmv3QYOMBaNUDOoxBm77zIafmDjrouoY9Dryk+SeHXtxjobUedVWLtZ0OuLyflGJl5ucLGjkivX+UMUDaAJD+gaG6NFK1tGjSvWAFgl2gU1q0JS3UmjJYM5RF26x0veDcgI2nuwYUxdkqNFWqbT4ySW1Io0FTHNSf7JrehtYot5F0bkNVr5G6RMIF/iYygOqzRRj1jVNhjhzQGiCJKFuEekIvIDPaUF0LTJGgMNQm2ASqY2G4UKjYcEEcFaR0e22NagREpD6weoiI8I+HobEs5GJDxH9Ip/aBzFDbSks6JSOPlBVRti1Og7DZkfpk/iagLIcFZtMWjt+e2zK2rKFx6C/zpxQSrXqXDPVloWk61zRnCb13Y/JK6nr7irZEFdh4Sq6LT7QTBtRnCqlaUNRfsDyZoF4h5Tf1LU9JvLXNR2YWCizKZ/MamgcaIkhFeWnaEpr4hEKtGSjjUR0CUkV1aQ4GaYuUtpORZQAWGPn5Miw1vtAQehqzfqT8TE36uQSCvOK5vOaFvMJcXtJ+ZUrnKc83pjzbkmKuj2K5FTTPr6RFdtWE5daKTbh+grnNJc9tl0Jmh1iFtIWZ/WlksiTQGkcoVjizkvhjOivmgnIqzq+kenSs8kdM6/psgz2HFbN1kMvhD7YcjtkN+WsQWCXsURJc/Rl0+gk9Oej5gABcgKRPW5KHPNaiX6yDbdBrOhJY45lVmTvXsN5ndabiZ5W5ao8h+1+23k77X9Z/ryMvK2xfLApYTo7WSZP4rPdgpW7l74NBw15evmf/mkIhDS2mZPZBrZSiT6USkB7OHJTmqNoYxk8KHv1hzV693p189ahoOcH1jYbZ2trK7VZE63HFfGvrGY1W4Ox5QLHn7q2n9d1p/2L/HQ8ZM3Dn1tEr/2i/C1bZYb+zVt+h9ay1t9+vuO7OBxTX3P3Qi1cfcvAFa+xw0MVrb77byZtXGqId35g1ba/32ubu8cS72Z3lG8GOmfaVdpn9VrBn94zqT7u+6G6do8N9Si/pHYa0XrnR9vtdse62Qy/f9POX9R5p0vewaXH5hFKkTp3fbc5oq+gz28v69Dkd0ajp86snlKrJCYXG3ocxEQ5AWiw9P6QFEAG0ofEyQIpDxAUiRVO0MlC/J+i+sIu0piVYo6mLKIOMynJQBkFSXkVV2GoMUHkyemMCrfdg4xak2XigMgw0taGoRUX5NNWDnN6GnAMwsi9D/DLOUJxGoHYMtaNp4Vb1UBlNcZrqs3UC0Bm1ZcBQvfZlKF2SCljQN6S8tg5rCAbZ/2e2j5I6m1KZhArFqYLYenO+tEQqaluDDReYpn6Yumkahy1PxcEKkwXnBurMDIVkhrgZGgdy+sGoh2QLvV+G0m1eG1IKIFIee0Jm4xXxt6ZJXAG9N5HGBnbE9dCAzV03KodozwAQ8Z8MvjwQ/zkeue3IgjgqAIby2X4Ye2b7TMkagZKQjC4AKAUBSAkymhtrdFGPMxSncQFbRaGkvJoRbyve6Lo+3+QF02Sp5qDRB8MDkHQtKV1TPqAPe1j/Dp0H6PmULlAzhorAUd1omGDcD5gICgxFjifaF7HkXqp8j859iWEmNeQtU35LrP0VEh2sEqd8nWrMNqym3haaFXaWkBnmBc3Hygp5s2iHg7q53L0WzORyN2w34P9GwHpQfA3vahk/xtB0aXqqpZLexMAhUQiRZCgx46eQ6UHu57Uy+X7bK5Y7VPHG00Wu16Um1/vq1G86r6MWHq7fKey+y4FXbbb1XhessReJrl1aiy17DitmreegWDSMHjRo7b/1aWlIz700rxcosaPvFX6iWW51MIEPzAPGOX0SlfVFFYklo4e2QAM+w6rHzcse13cPHrTGazfccHwFgBJgyTns3Fhb2CN7bs3O3SQSlPavaQ8bP95rbR2V2e2gEQ12fnc49Kweux1xVq9dDj67348OPGeQFTk7HnTuD3bZ79z1F9pu+5+74S77nb3RTgeevcEehxTX3Z3Sd249d+Od9j9nk10POnfT3fc/f/NdDzh/y10PuXCbPQ68aEgXrrfnjEgc3tHunTqXN42pKnNRKRWXl3XzlTUZjqtE2RvK2HhjzQQ31UzzTTXWfFOK+RvL0HBTRWVvMrz5pghyN6lMn+sVNlxNjsUrWKbXlSgar8Wg+Tru97iWBT2uBF64TLGGS2squKLQOOAakelxgwh73sD9ll8E+f4/j5VXRL/pDJHteaLItZzgZXocT3lO4GHTqCDbcnKQazk+1WxXZEE+zOTAAAIigja0nBpL0V4zYGyBIf79MYyIYBAoryaj/JTdFrFlFSkpRfeOPacAsF6O8ts8NhNQQSqPSIsqXZOGAampLlq562KEPCKGzJ4rhaBtXlpsmV1sqS9UBDQYuk8VKGrLtqOobk1pQHmBqrc9svE2r6LxSMq3MK+Nt/2yZtMXhFTI9pPMUAU2LiURteB8QVv22pqiRGv2XFLn7bmt04bWgOoAeh8Z2x+qyyDS+4mM+sgYB0RrDJDSuRBgTVDI7DWVo2ygqb/W6P6tnyulQEoJkkJFaTbeGqPMtmZ7DsQEEcHW869m060hIiAiLDxs3MJzRIqnPtj6621Re/V2qT3briYxp+l5YNmCnQE61yTyFsbZNm0V5ss0GyJ56eqPCZv3S1NGUU8BGGc0dg6MceJje0EjMQwMAoksBZq8mYlKIFYxXUsATjXSI0ealOY9BWnrofqZJ4ARPw0c/IDuY/QgSjUo41FdPplAYLSjYQJMlWAaAgYs5NqEnsRslvGGgWBye0DK92yPO5phOTzYcjhmN+SvSeCoP5w9N0naH0ejXlNx0s0MmjQ2YOidykQIEgVo7oMWIUsYEyaTDaXvN8eMrSYh2F6y8HAQDeeKTMsVSjRflcn1vqhb58+JdMsJ3fObDvnL2w17PPvuJVvuuu956+029MLVd97/nBUPGPbzniOKtzecesUfc8XiA9lRVy34I3x2O6eVFnMAarxugF9zGN9VNjzy9PsKM76Yt5nGzF6ImbUEDwNDDzZBCxhRA04PMsEM9cfQM00DPf4UQz2Dg3pGe/q1/pl3u+uJ9OMbviwLsi/Z2AkiK1Ljlpk1+wXUBb+yPcm/7rqHg/ofNrzllnAB3wey9gv5xeufzFv2exx7STNtg/Xe7aDigJ0PGb3yroeMXWXXoWNX2fOQC1Ymr9Hgnfa/cM0hB4zd+Km3L/zhDZM+2O3pG1/Y9/0nOg6Yy3ofUY4HHF/VmTPTqOW8Wtx7jIY+FyC2XJ1AYYKGxl/rsOcvWbbPeJbte1MqWm6UoueNKHrfYESvG8Dvc5MOe9yoea+btOhDQqjnTSzT5yZkPW6UXo8bTNjr6oS3jI2gcZSCws9SaDpS+z0PMWHP/cFr2Zf5PffQXvMuxmvZ0Xg9h2jWc1vNWrZRvGU7siE1nd8+gYZttd+ykfJ7rJmwxpVjCAcrFqyqebBaCt5gid4gJTIDWJBdgYeFgSmINSPDNos125bON00MH5xi2CtSXkNighwtJBlpMhn6tJ6lbZicYdlGZNkGZDT3JKxjcrWYL29VRqskIk0T0DpEwobTfYHIABHpPUX3BOf1aV8oAOyFoUUVUAOtlXUz1q9FCyDaBVGlVE5ReQNA18bGU35EagMZaCokAWnBpFJ0bYVVTMIl0XQNBlJK0zaeQkN9smIpJaEhaQHW1A73GFgzqMFwVq9HGgOaAUhqh/a1wTAEWwcwBkj9N7igPQ10UFw9P53adGua0g3F24X7H80LArBm4+r1UB6b72/nthwZ4aSeISg6p9GDpn7xIATNeL0vSOPg9FwSjD7UACcsCJxR36jfnLEF5wA0YgCGWL+2IaN0Q2M3JHoWmAQgngwN5QHKTwwoD9Bh5wfpnBFHABuvbCww+mk/PFnxZCidLmnIrG6CpohTLTbeWj2NflCvwX7Q8qgdDwHsvCqaV/3llici1c80KJoTA9QO5UOaO9uuoOdJQIVCgUBTBYEACg0ZUp8pFyqw/ac7oR4uzM8pH1KaoTqB6lQk8BiJNGFZCgacTFCdyIFaMtR/es4bpHuNemsYeVsBEARwFlAafX4k1obirfiqxgrsPZ9IDrH2WC0xLZGE7ZX21oLv4fi+m2Tfdwdc+0sugVYAnW/KvxpHnRMZxs+rpNJBDwLF6CEkE/qkkypQ9EkroU9kET0UqmkCNZlClT6hkmE11UGkWK+aEqtXpdgqwuxeihcOM17jSOO3nGP8nhfTIni58ntflkDjxdW4uTi9zZz17jvzT3npr68f99Rb7xzx6rOfHvzUu3P3+7SrtPvMWz/ccpcDrl57v2ETBrcOu2bFg08a3++IETf3OvT4X/SwduCxNzQfftItTa3DLm20dtCI6xrqX8AfdVXm8OIt4Z7Dxmdbj7s+fyRtW9qwtfX6/CGH3JqzVk+jfK1fmr228TavrcfWZ//ycutRV7UcddSvWg4/6eomm3b44beEraMmZVpH3NxzxvRPN++u8FYG2Y0BgizSg97OLpKosm80en4CGA1IxuhhH/i+yQRh1fPDchgHDe/M7DfAjsmOxdZvfzvHtm1D+9922DjqX8uhZ/2ixwHDxvc85Gc39t532NX99j/5+gF7njBupb2Ou3qVH48cv2rrSTevPuSQy9Z7+oBLNm1/8PPNOu+bscUzH7667V1Plnd7+v3p/3fvc+8d8MyH8w969tG2g1978bPDnnz33aNffmn2sY8/8dcT33h7+mlzvkjPjGv9zumWhWJ3tXBRNWm4JPV6XBzxPhfXRPMlqeh5ucTeV6e8ZZwWva+WXssVmvW4cKsvTAAAEABJREFUWLHeYwzvebrxeh1nvN7HkHA6SrKmQ1LWuJdkhW0TKGwaqeymFRluXpb+FjWd3Zxss6rKblnVmW0rKrNVjdJrOty4moqNKjHfoBTjeqXUW7c7FWtWlL9SitneSuQbtGjImKAhSP2CkCLHlJejhSFLi0sGBMsAwxCQFgANPjAyqTig9gDBA4EBcB7WDVCAphwGOSw8R1qBkHnAhA/0AxQtLtYTZEN7jSIARh8sAH0qK0BSqECAogVd0kJjTaEAY5A8I5pM0bmhohwY48A5p5DBvx6IuCBeG9CKytD7jAqC+fKaVjvgjAEi1UvvOTAGEBYcjOIYpdkrQ8LApjBkIBgHxjmFApDSbRxSKUV10sBAURuazlMKbZpPXovA90EIDpruU2uISE1TjQypLgaICGBj6unGntE1xVB/KJFeNn89ChjlRcR6HCKCoL74nleP54z97drG+dSubdtaSOeZIAAbZ8sgUp3Unh0ztQQIAKQ16pzsd9fs9xk5sDofoKPOz/bHUG4aG9IYbVlGIdp4Epo2ztbjUTlPeBCQ+cSLI6P6bYotTOOj8rY+rSRomhdGfbFtUzOAiGC5IyIJD1U3Y+u3VCi054i271QXwN/y0mm9r8KKGU795giEBoCED9CdBHRnKXqmKpVQnSnFa0BGAYktQ8KIkzwWIAEp1CameYwglbV6KFWN7rmIytmyCWgSa0D3hKZntab+GxqP+ZKlPQdiokhkAR2cMWAMLSpI4gTiOKZ6E1D0XF9YFqkeQ4aUnyGjPhgye0URVK+0bxZimqSGeiho+oJVkPsb2h0LyrFcvdhyNVo32G9EABHNtoOTjpa8+BNX5Vt8U37CyNJMJmsR04nm9DDQ9GaP6Q2d0INA0xtX05uV3mP0eGCATAB6PhhasBSn3Ix5KWM5sh4pgxVjxLWlyG4hefMOSjTuwTM99xdB76M1bziBPBKnSCycDbxptDL50RLy5/qFHqOrqXfOnPbozPnt5tRZM+MTZsyvHDW3nR02u8McOr+kDp45p3xgVzmzX6kUDp3fgT+dN7N9967ZYsdp73bvVCvHu7Z1JHtO7fb3aZtX+0kbJnvOTNt/PFu1727TumZ7u7STdc7iu8aVePc5yfw9Z1T9febNS/+vs9vbv63DP7C7Yg6eVes8ZG6b2X+G9Pb8ota+Y/vMuTu0zantU469g5noMcRgtpmDQAQGQI8eoIct0EMTyRidUwLUjdHBRT96oO2qhHfUvM7acbPmVI6Z3R4dOG+u+emMaWKfrrZon2lfeD+ZOr360+nzsLVzLj9g9nRzaHslOXJOKR42vwbHfzij++Q5ndEZ8yv87Hkd0dkzOmvnkndmTK2+jVYoliFXrEJDsQaFMRWdPa9mcuempmF0Cg2jNTSerVjzGSSCTjO85SQSRMfzsNdwyRqPUKbxAO713Jd5PffSrGkfwwr7Kl74ieH5XTXmttYsu27KsqsqlhuoeW4FhZneKcs0SZbJacxkFMuEkud8Mi5ZAVKWgwSzEJtM3RKTrV8nkIVIhxCZEFLMgWRZUCSSEgwoTpBxSEBAagUM42BogbZG9xQRBZAE05Ah8eZ1I/qUT9C5NW4QSFYtMBQg6L70uQceUm5aIICu68Y5IMVb47TAcy+gaA+A6lpggq59EHRPg/DBULymNjTSrDIyGyIAMASk67pRnA0ZZ8CZB4JTHZTGvjREpAIAQoi/mcc5CGRkFE/pgowDknhk4JMI8KgObuOoDkQERsaZTRPAqSwiEikAZgwwgPo52nMywRB8ymPbsHXYPAvT6O0OyBGExwApnwFNC60GIC8K0n3L0IA1pHe3IUOK45yBrYshUtoC43RuDXHBNQKAXcitAfWhnpfibNtEDepGDw20i/Y/hgvPSdgYMqBrTn3wGFKbZBQKWw+JA0FpghoSxMG2DfQsQjKgOoFEhS27oD2oc7FjRkpnZHYctqxXHwsjPgw8WzcCeJzaIV52Purlqf/2vM6K+oKIwKhNRKQZIqPQXgNdgT0oP34ZAp1bs9ec0q15yGj8AEj9B+qrJiFjvhRE9S/rE2egZ6w1tPNQb1NR1pSqSqkWTXAlXcdgdFI/N8Sjfm7roTJUuW2A8lJgfxoKDdLZAmN0Bva5LWm+laGmDKiE2qAP0SaVQJUDkEBjqOieNMBtH6i/SHFAbSGdEyaoMyNuhADsgWjrZ6A1FgT313nppTkFG788GVueBuvG+s0J0KcO3RCvMDcT6scLIpoQmu67IOn6q4m6ZkJarTKdKKQHAL2NaNuLA0q6pRSjc1owaEGhMwB6iFgz9OajdygY8pdra9zQYsqY5J5IuR8oHmYV8xoSFC2KB33QL/QXmYaBPGhcBUR2A2DZIcwv7G28/P6G5w8lO1pi7viUZUYaVhihWeFEzbOjNMudrHjuZInhKZLlTpcsc5YWwVmJ9s5MdOb0BP3TUsicFmNwOm3znBHr8EwJwVmKh2dTu2SZs1LMnJnw3Bkxz5wueeFUhblTJOZHKd5AIqThRAUUysypmufPAJE5TbLwWI3Z3Zjf0Negz42hx7am5xI9fLR9cNKDyNADSdOiREDosYmQSM1qqeyVSDNEoTjYiIYjpSkMk9g4MoHcyZo3nUri59TE5E+NTe6UFAqjElM4MZa5kZHOnEB2HOUfDqLH4RpbDlSsaajhTa2Jzu1LabuRWNkhZTnaqs1tJ1l2K8ly69P16ilmaWssWClmwSDJMysqkelvvFxv4+d7gl9oFpnGRvDCAveyWfRygQLPl+h5kQJfGvQ02hXeQ+QBoBA0tQKAcTDIyIDGZkj4aJA0ZqUBjBFggPKAD4hkzAfGAmAiAG7roOsF6R4wTmkUB8gpLwkGSmNcAFL9FAFI/8AgaFoQ7CdqTd5STYuvIcbWGIWMOCOF9sFvF1C7MHIAsIuADekOpfvTAGoNRhnqnzWkECnXQmOg9cI4Dljvjy1J8QbA5jLGlqM6qD36CZoWHmAIiAg06npoF1uGrF63tn2msgaoXjKgeEQERATOORXFunl07hFXzhggAJmheKBDAxoNRBo8zkBQoj2n2ikO6iYA6vntIsgRYEFoKE7Xz63A4pRgZwRBAxAnQ54SLRMSHrpeP+ov81K/PASwdXIAKg9g22IL+0Bj9akuj1E8xSHVZflzqpeDnVEDHuWx50iM6un1fCkg3RtgBQC1bejDmUrJC5NEoFIySecUaorTdG4oj83PqQ5GzxoOEgQJB/KmA6e2GMVzmguk9pHuBWuM4iwr24axouXLOqAer8D2x54D9UNTmh2/bcfYOigPpzuYug40PKgzowtEBEYmGAdOxhijNEZ5kPga4DQhNKVg3+fWsD5WDWD7REyNJLFCYo9ZNgj1MpruCfWlSXqzaJvPjoXSqZOUU4Oi/imqw3qZNI1fU/8kMUttHF0b6qttT9NY6ufERhMXa3Z7V1M/gGqyfbeGhnqgKIbufSoK5sv7nIZOODQYikeKo5EtGKcBujesITCgcnRtjO2XBEn3jaL+GeoToQHGEDg91/9+zkBwT6g07R8EhRwsZ4fltZwN2Q33mxKYPHmoeurOU9rW2bT/X/r1MDfkRHI5ytKvZbXzEZVUP/BBluhhp2hpBN9w8DSjpZTenpoDvc8BaEG0DyNkdLvV33lIUQia3owSDEikHnkCNOeQ0GNHIiNvBaP3PoMabUMaIVCEOW6E72vmZRUL8gkGjQn6vVIWrkDiZiCdrxSDWDllweCEBaslLCQhEaxF8RuS92OzFLzNJAs3Utxfj0TFOqkI11EsWE8usPUpbcMEg41SE2wUQ7BRYvwNIuOtF2mxdk2zNSITrBIZf3Cs/ZViFa6UGG81xXLrRUZsHmuxhWHBD1iQ6aWZ4PR8olEB2IeQpqeWfTja0D48U3rISnqgahQgDYco1bwmTTZWrIX62Etitr/CzCqxDtZMTLB2ZIJ1UgzXorbWlJBZI8ZglQT8QYkJB6Qm0zeWXk/EXJMx2UJUI+9g4uUQMhmAINTa8wE8H9HzkB5yTHhc2EviKbkARQI4QY84c5DAiTlCQg9WSXMQawY0Fkjp2n5nRwODRNFc0XqhKR1ojoBxQLTGgHMOnOaTMQMCEQQRQGPo4a0BqBzSwoHaAJAxmm6ODOxCRT0Ce27jjVJgaJGhDoGm9plhlCbAI9Fl8/4tHzGkJzvVq4AZXRdLHOyhwYocy50aBk1pCijO9oP6YyhLPY3OkdFNRx0xlK6oTUl12tDOkaJ+1LedaAGz1zQcYHTvWgMqC1SfNVvXAlNAHQGkTjBrVK/NZ2y+epsAktqISQzaUBMDAAREBpzmwXqvEJH6S72htoGOBW3RiW2PzNBYNKWltA2vqF9Iddtm0GYhtkDpC43RtRUYnGa1LkQoo4caPJobHw14BJjba1RQT6dzQfGWJVgOSQImlWDrQap3wbzQO5XSDI0BqX6st28W5KEFFmihRRJDnBZ5a4wEAKN4Rl4VRnGMRA4nMcBpIV6YjjICrmPgNi+dMxWBoPyeSeshU/SOJhHmUz8Drqmv1F9KY5SHW6NzUTdZrwdIlBky265HXDzbFhljChhtrXFrXIEVAII+4HGqE6luoDvfUD2a6tTUH0V9se9XoPeuprFa3tYMnQON24Z2PurndG3vs/o1tWnqc2XAzgunOeV0nzEKGUUgpVnz6F7inNE7igpQnYq4psTb3n9AsYhICQA2YJRXePQe8D3wKGS2IlsPvd/AZqNMNo+Np1NARECbBwGArH5O1wYAbB5O55zuB6T5Brr3Dd0LdbPzbFlR3bbflA0QARj9QECgaDJbC1VEF5aLNUPjpwRCYdMWGBUBwYHKarBteYIpwb2kM0mNLb08GaFenobrxvo/E6B35NUnD63dddOoqVutNfBPaw1a7fqeWf9CiLt/rtLq75iUrwgVT/cx7Q6YTrlW9OFJG05vKU4LJdP0jtO0qEsOSSIgTjhEMaO3KgdJb25tDKS0cKR0TnoADKP8wgPmh6CAQaWWQCo1cBGQhSD8LDARIqCHZqEZeicbzgyFemFIb3WDgktr3OeKBwz8DFm2bsbPcO2FXFJayjyeMsET5PVQMqqPTDLG6OnEqGHUjKNEwEQDq9IgpDZegsqPQYlYJZhSb4EDPXA02cJQU6yuj1MZAE1PIOoTjd2zSyDFExcUYLwMaJ+WQBJBWviM+sEijUyzgCWas9ggS+k6AYaSnoJacPR4SIuLD6gRsn4GskEGCAgYYoX0wERa1Bi1zlFSqXSBMQTGaQliAmg8lMpAwwJjngdM+BRP10iPB3qQcz+gPAgcPODGB6Y9Mg52bbLGqG0bcsNA2FwoQKDNzUhwG6BWKJZaoP7YxRZpnm1o4wUYqlNRXSmZpHrJKJ+o10W1GQ7CmmbAFJIB0FCAJpniAfx6O0hjNmAMkCDUJBJN3QgBKIPEl4wWCUnpdG20QUNVGQVgFN2nUqeEKzbKpHWTKjFxWjNSxRSfLDCKUxwRX1cAABAASURBVJRvoWn72x4qNVomRqepMQnNjqQ7meJSmZhERjq2FscqjhMpqWAi0zQii5VKEiUTSWFKjSWpSlSqYpmkcRLHca1Wo59RLZWyqmVa1knSreKolNaqXWmt0pHUqm1xVJ0fx9H8OKnNT5JofhJV50W1ypw4qsymtFlpVJ0ho+oXOq1No7LTUxtfKc+Jqt3zklp5noxqc1Vam0Muo5lk05mRX6ik9gXVPT2uds+olrtm1q27MrPW3T2j0t01I6qUp8ukOk2nyVSdJFNlVJ2WVsvTU8ov48oXRtY+Nyq2Ns3WJaPaF2mt+/O0Vp5K6Z/ppEZW/VTGX1pS+0TG0UcqiT+UaWzDj2USf2KN2vgYtPyIGfUhB/2eAP22MPI90OlHRsYfqyT6VKfxZ5CmU0kUTqMxz7BjTmrVLxLql4wq05KoNlMmyWyV1mbLtDZHyWiOSuOZWkYzjExm6DSaocjo/Auq93MEZfs+I01qc+IknpcQ16habat2lzur5UpnXIs60yjqrNWqpTSKyzJOykkUVSi+mkRxNYpqtTRNIi1lbLSO7fxKJVNrqUxTlUpplJJGKqWTVKk41opO0dA7yKBmBo2HwvjcN/TBwwhgmpN5yO05PUttTmMMPSzpMWm0Qjono3SNRIreBXTPU/VQN22Y0ZrudXoUSa1NolIyul81vQvQGET80oDeGcbYd5ACG2oqp8ikUZSXZJFJqXcptUfPH2NDu29hTVKvJLUjqZ1YGpOQKWWMMtJoMqAKVCK7Mp7/Ro9M3AXL2cGW3PG6ni2pBIrFockt44bO23z4D95adWDwh7xXu8aXcy8wccdlkJRuRdn9mEk6X1a1ro8wqc5kMumAJK2S2ZVH0YdIwxUDTguzSlMSThFI2g5QKgVt7Nvc0DNTAr1FIUpioEcRgIdATx36rKlA0vNA0YKZKANRqsgkLaxI8YxCMnpcpLRApwapDkbiwCOUZHRNSzE9QoBKM/rB6qEhcWHobIGxejyQuOBcAGMcOAkRpBCRUcvUD1xglEDPDwP0QAFBeX0SJrZ+oHaADpubAQKna0b9qRvVQSOnPth+GdAkPQyVNSQmFRjqr6YxAmgSNpJTHmqX0adX4ZNoIfFjQ+4J4JTOGAegvgi69kl4GstTanrMMvBJQAnwqHYBQO0bUhQEAoCEitaa2of6JQD1AQ1QFuCM2iMviTEaAt8H7nGgFKjnoThJvTU0P/T8pHiKpraRxmPoVJFo0lSWgFDdNgaoHxRS3cAMIGoAKg9GgTVDXg1r9hxMSnlJ/NVnUAKnvEgNIYE1SmqUsaYbQtFiKknIJx7IiKm0ynVa5jopcZV0YBK3mzSar1M518h0Dtlsqn8WGjkTjV1Ua7So1khEVKfJpDbVRLWPdVJ7X6fRe5hE72ASk1XeZUntbZZW38Co9LqsdLwuy+1vyO75r6vuttdNue01qHa8itXOF02ty26TP2vi0rM66nzWRDbs+ouudf+ZPLt/pvAZVel6Oql1PGmS0uMiKf+RpeWHyR6CuPMhU+t4KKm2P6wqbQ+llbb7qfy9EJfuMVH3vapaujetdN1taqXfQly+TSfl35ha10Qdd/1KV0vjdbXrF7LSea0qd1yjq/Xw2qTSeZUsd/xcVTovg2rnxRh1Xchk+QKRVs83cdtFqtpxRVpuvzItt10ddc4dl5TnXUNt/1xV2y5lcelCjEsXcFm9IFS1C72kbMtfrLvbLjW1+RdDQnVFHRcxCv20fL6nS2NDLBcx7jxfRfMv1FHnRSzuvABltejr7jGYdo4lu5CpDorrHouyvYiycwxLO8+zppOO0UJ2jWZkqDrOEWSU9xzKM5rF88+FpH00yrbRTFGoOs9hpvsc31RHc10eLUz3aJFWzhVpeQxLuotcdY/laeUCKHdeoqpdl7K0mz70lceqqPNC4nFpXJr/87ir/cqkNP/KqHvez5OueRdH3fMvTLrnXZBU2i8wSecFQtGYoDbWM5XzicNFKEuXQa3jSlkpX52WO8dF3R03Jd1tE1St80ZZK/1SVjt/o6Ou203cfaeOSr+DuPt3JqlOlvU567qb4u+GuOtemuP7daXrAZqjByl8iMo8ZKLSQ6rW+ZDsbvujrHQ8Ziodj8ru9sdkqe1JauPPqtL+jCSj8GmIyk9DUn6K6v8ztfk8zd8LqtL1gqmWXsCo/AK18zLleQ3jyuuQ1N5kcfVtE1feMlH5HYr/AOLaRyyufUppUzGJPlGVykeqUv5IRZWPIIk+5iRUuUo+ZDL5wNfqA67iDzCN31dp7T2yd4DeEzqJ36N63oe4+q629SdViq+9iUntNXpfvmri6hsmjt7Wce1tXau8RW1RevQhJNWpLK1+hqryLof48TSu/GmddXpXYTk72HI2XjfcRUigOGSIvGPcyNLwvQd+sP2uvR5fc2D+zqyvrs2x2oX0oC1yWbqYy/IvVK3jVnpg3EsPiSfTaulNltamCRW10yfSCtNp4tOHL5QpfQ5S4CF1UCnwSUwALebIGChalFPaKkjqlkBKC3JKeawYA5uuDdhzQ0VtSLqrLgC0QVrSkc6RFniEAFjdhAYSPQaQhIYmYYBGAyOxwKi8zU3OIeCAVheAR3UIMhtHH8nAUBlKAeoalWFQF1bMo7pY3bj2qG5GYgWBqgSOHAQZxVLogf2CNWeMygL1y9DYNEhtIKEtJKkVSOqLpMolIKTUT0OVJHb7gNKQ4pHycoB6PQisPu6UtlIUMdGoqU4AywQYBy584CygmjzqL6M0Xg+BxB7SOBjVyWx9dA7E09A1R+oXhUDMFW3rGJJhSksANABE01AbmuJsW5LmQ1E+SVsrNo8maahRgUYJWksjdWpNU/+0NpJGqMiJZBJKi4l7TeukqmVSVmncDUZ2oUk7VFJp02lttpGVL1RaIS8FLQpp+X0tK2+ijp7TqvpHk1bvN2nlDzLq+p2JOu9QtfbbISlNxLjySxIw43lavonJ8o2eqtxA1zdAUh6HaeU6EizjIC5dY2rdP09rHZebStfFrFI5H5N4rJcmY7FWPp8nlfMDFRezzJyX18mYnErOyyh5XpBUz/OT6DxPRud6unJuyLpHZ0z13AzWRhdYcm7GROeGqnJuAPG5WR2f60NtdEYn5zV7+rwmJos5T45tEMn5DSI9v9E35+eFvMCe56B2QRNXFwYmvigEeXGW64sKXnxRM4svaUR9RQ7kVU0iuaan513bx/PG9Sh4N/RoEOP7CP2r/iH7VT+Bv2zw8Ze9kf26EOiJfYT3m2ysb29olnduueY6d22/02a/W6mx6c5CJv5NNjC3NGbMr3Ne7Zc2zPrxLb09ddv6Kw387Y+3XueuLcl+tPEGv912/bXv2GijFW8vNFRvazLp7XtuveWde2yz1R27bLHKbzfbZp1Ju2290eRdt9jg9z/adI3fbbJaz99uukbPO/b+0cZ37bDrar/fdauNf/+jXdactOcPN/ztj7fd4K4dN1lr8j7br/r7nwxZ9e4d9tr47h/tudE9u2y2wn1DyH6yww/u22j7dR/cdp/tHjz8J0Me2OdH694/ZO+B9+2w14D79/nR+vfv+cN1Hth2z20e3Hr3LaZsttYmf9xi180e3n2L1R7Ydtf17h+623p3777NJn/44U6r/X6Xrdb+3dorr3B7rwzcPmTTwXft8cN1J+++7Xp39e7fcFtDg5qYy0QTe3AzsbeIJuZUenuz6bxzjb65O9dad9CdW6816M7dtlr/dz8csuXkn2y3xaTefYM7Q5He2gzhzU2h/FWPvJjQWJA39Mqx63sA3phn6voeQXptz4y8qpEnVxWYviJrkiuaZOXyJhZfWjDRJc0suqQg0osbeHxhDmsX5iCiuU7Oz7P4/IKpnt/I47H5IB7bHKoxzb4ak8fKmAJPzsuxGt1DpXMzEI8uoDw3D8m5WYjOzZn43FBH54YmGm3vtwyLR+foHsvp9Fyq+7y8Sc/LyeoYL47GiEq56Me1saFML/ST2iVBGl0exNGVXhJf7sXJRTyKLsJq9WKo1S42lcrFplahuNr5qtJ9AcS1C01UvQCrtfOxFp1v4nisqlUvxKhCYjk6H6LKWEyqYxmZUPGYHIcxGHcX6f13IabVC1RcOt8kFRtexuPalZJEP70PL2W6dF1zofR6sVjU9BBZrl5suRqtG+xiITB06FBVPOKI6NdXH92+9R0jP/nJ9tu+vG7/df/Uo6e6u7FF3tyjp39tPowupU+flwjdeQWazmuZKY3nuvQ7rmtPsKT2MqTROyyOp0Icz2Zx2uEpU/EUxEKhFAq0kOT/kQjk/QKmFICJSWRIYCwlEZMCQgJACz0nLwiiBBsyJoHRtTW0AkTS+1sjoDWFAFQfKkb1ITCKEyAojYGHHp1xECiAIae6OIBhZEgG9QOBUdsMOGOASPFgkwz91GCAjE4RF6QhYj2fEAwEQ2CGEq1oMRrQ5tUKyFNDbUPd6JKubR6q01DdmkJJacrU+2o9f4z6j5qujaIyCWgZk9VAqxpdR4B1PgkoWaa4bhpDjSyiMVXBg5Q4SvCIh0eyx5PGCKkMT8mk0lxp7UmlhNKpkDrlqUx5ksYiVZGJkqqJ4rKk7SqI0zaar3lxqWuerJTnpNXumZK2ZmSte6qJyp+oqPsDFVfeoU/3b+o0etWktedBVp+k8ymY1shrU52cVNtvT+PSzZRvgowrNxhZvY76fDXdG1dxLF8hWPflYLouQ+i6hGPpIp8EScjKF/YI2MU9msRl+YJ3ZaHJu6qpkF7b2KCu75MPb+yd1+MbG/mElhb5y5491K8K+ejmxkZ1S89cckv/5tptvRv93zZnCpNXyob39hXdD3gZ8xAjWyk3+IEVBg98aIf1N/zj0CFrPTZ05/UeHbrzTx8dutO6jw3ddYPHWndZ7/GNdlrviZ02Wu3pg3bd7ZkDdtvp2YN33fk5G1rbn87X2Knxr0NO2vL5nUZu/dedTtn6r0NGbvnSdhtu+cpx+53+2s/2X+2NYfut8uYxrSu9ZcO6Hbzmm0cdMPjtZn/wu3+3Nd9tCNd8f4uNTv9oy43iTzffQH226abx1IceOmfaH+89Z/ojfzh79sMPj5lz//1nz7X2JwqnTDlr/lMPFOc/9NBZHU89VeycckexdPnle3cXjx9SvuOOkaU/3XNJm01/9J4x8556+Io5j95TnGfj7r232Dlu3MGlM87Yu/tysmJx99Jllw3tmnDZ8K6n7r2m8/HHL+uycQvs4JLNc9ppu1SsFYtDy+PoA5Y1W754/NByPZ5Ce23N5jnttEMp/6GV4vA9q3UrDq8WyU4+eWjtarLiEUOiI8jsdXE4pZHZc2s2rW7FIZEN63FUz3Cyf2xrwoThXXYsxeKCsdi27504qtOO8akHrmybMuWS+Q9QaMczZcq40s03n9F98+VHdV9OZvNaTscTq8kTzuyyZSxPy8qyfvreC6c/9kDxiz/+8ZzpP9xMfrH5BqM/2+QHoz/ZYqPwTq1fAAAQAElEQVTRH2218VkfbrPp6A/y+bU/aMyu/Z61ww9a890j91vtnaMOWPPtYTS/C+zcN3926NpvHEV26P5nv7HlBtu9utmG276yyQZbv7rVZj96ZatNt3tx6F4D/vrTvQc+v+/uff56Ct0/G6235Qubrrv1iycdv+Xz+9D9tsUGaz2zxQbrPrM12ZYbrv3nbTZc68k9tt/08V1/uMFjW64/8I8Dew6csnJfNqVXvuuhXnlz3+C+wR8aQ/67Pg3szuYAJhU8cU+fhl53N4Xh3Q19xR9WIusRNt7Tt0ncP6CHf1+vjLwv6BHcXxDygd6F7IO98uFD2V6d9w/qnbmvkacPrtBceLhvPvdQ70LbIz9YZYPH9th+jcdX6Tfwjy0+PjiwRTy8QkPhYZuv0Nz8hxY//W2vDPttrq++v98uA1+5445x3bAcHmw5HLMb8mIkUKS9oOHDN0nHjds9vp8eYvf/8sS59//y6KnbrDPqnQHhSs+vvFLDA4P7hhN7tZhrM7x0WQDV8wXUzvXS0miRls9jafclOuq6CePyH8gV/riudj2vK+U3TaX8AdknulKZpqrlWWm1NLdSaW9Pa10lGZerKqnUkPzUoKMIZJIYFaUmiUkeRCqNqjqJalqTpwdI2DASOEwDCGUAKUQKOYWCuIQkmJjWoOIYQCoSQ1bgGAoZiSEEYxaaqZ9TEQASUIhUlzWqSJNoSqUEUlqUh/LRtW2IgQRBDda/D2UkcPIAMepPPVQpMFJWjPrCqF0g4YNkQhvghoxEpbR9otDGmSQBD4DMGG6UZiqVXCUSaexMxRFXSVnWurpQVdqFqs7XUefcuHvOzLh7LvFr/xRrXZ9AVPoIq6X3Iep8D6PSO6bS+TZUu96m7ZY301Lbq7I0/0Xd3f6sqXY9jbXuJyjtEYw77mFJ5+20VXajrrVdCbJ0KVV/CcTz6VNs1xgRd5/jx11nguo8E0z3majaz8a0dDZPO8/xoXRuwCpFX9Qu8ER8YSjUxVlML+3XIi7v2yt3ZY8Wfm3/xvD6wX16/7JPj9zEVQcX7uzT05+08kr4h+aW6kO5fuHTQ9Yrv7bNOtE7G6/R9uEmK3V88vDEEZ9OueWkzx+49YwvHvjNqJl/uG3Y7D/cdtLsh285bs6Ce+/EuY/eeuq8KbeMnP/Ab09tu+fWs9sfuvO4jscnD++aPPn48gMPFKvPTz65Zm3y5KG1yVcPrRVpMR85cvd4ga32ZbjgehzFk2hI7D3+VTZh+PC0OGSI/CcrDpFDh6KyH0T+nVHb6l+tWERtP/UvNKSbbKEB0M32/xl8jcOWs3dm3b5G/mUii6FRLDQ6/TovywnNQt4LwwVzYefln+0f5+6r5/gf5x8V3WPyX2043TsLbYi9h+i+sXnsub3X7H33r7bgHt09LhaPiCZOtFaMJk++ujZ5crFsReTkyWd23XnnWR02vP/+M7rtPW9D+2xekH58+bbbTqtYs2UepXP7nphM7wlrj97283raP8bZ+u3z3bZt27RpC8qfXLPnU0jQU13UZrF98g3Fsn1PEHHLn4Ll68WWr+G60X7nBL5cFOxiQQ+hZPINx5fvvPG4jvt/ddKcx+8666Mh65z6womtA5846ZDBDx724+3v2nXD9Ses1VNfntPt57SI0qgmUT02xzqO9tP2ozN63jAWzzlBVeedlJS7T4NafDYm+uKoVL6mY/acm8rzu25JSrXfynJ0T1quPZR0V6YkJbJK9ZGkXP1THJX+XKu2P18uzXu5Upr/elIrvYVJ+X2u42keJrRlGVUzwsQeJzeQiasqrUagVGo0GkVbiYrEDWkv0lMcDBeQkBhS5MnSiCSdDFkKKXmOgM44eaoMiSbyLBnBdOpzU2YYtytVnp+mpfkmKc0BUjwiKc8VstbuqVonpNU2LquzWFz5Aqqlz3St6+O01vFe1D3/vWrX3HeS8vw3uztmvtrZPv3FSnnuc6WO2c9UO9qfjrsqT6Tl2mNpV+1BGu8f4s7OO8jGx53lK1RX6cKos/3cqKvtDC6jk7iMj8Nq53CWzj2Gy5nH8GTm0TydcyTTs48Uev6RLJ1xFFfTj+J69jHczBnu69nHZaD9hLzXdmImO+vUBpxzVi43p5jrXbpspTXwmp33WueGo07e/4bTj/rJhKP23uk3F526yV1jT9n0D+efuOl9Jx0w6MFRB6w65eQDBz+60/qn/2mHdU57Zvu1Tn7xz3ed9NqTd41850+/O+HDJ+4+9fP7bx4x8/5fHTNnyi0j591z6wltd954UMdk8kjcfPlR3fZ+ue3np1UemFCsThk3MqYFjham4t+EByL+f4ugjaNJMv9kUBcUhu5/axS4lyPgCCxGAu59RnCdwCIIS91rGemwXQit8Fr4iW/Bp7Qh9ElsVOeUu8+Y/sDvT/v4kd+PeveJe858dYfNz3r+RxuPfur5h8976Myj1vxD6zab39kfvYmFcP71LX3yPx8wIHNxQ0GNzYWlczy/fGqg45MCX41sEMnIhkx1RGNWneCxyrFIJnjpWKa6jtOy4wRVmTsyqc0+LanMuyCN266Oq3Ouq3XNuFbGbdco2T0ujss3k1PoYYbsC88TSngcFHmUkkSBAgSNDOgSFAkwSd4oqRJIZWRAR1Wyj9K4649d7TMmdnZ8flW5e+YFte7Z56bds0bXKnPPSqK5p8nqvDPT8vwxSdR+QdQ9e0xSnX1Gmsw+SaVzR7Jo/rEsnn+sUZ0/A+j4GdftwxjvPJqz8tGerhwT8MqwXLY2rDlMhjf4yXE9m9nIXk14alMzO2dAKC7p08sb12dg4/hCPzlxs5UH3HHqYWvd/cKD503ZdcsxT+y06dind9j4/Gd22Pz853fc7PyXdt74/Fd22mzMqzttduGrf37goteeeeD8N/9y//nvPv3gBe8/cd/oDx/9/eiP/3TXBZ/+kbZL/vTbi+c8NbHYOfnqk2vFI4ZEI3dfLR46dJ26V8d+2l5oC+fVhsXi3z/x23m3tozcxm4YjoAj4Ah8JQEnsL4Si4tcEgjYRXihLVyg6VovWLCHyClTRsZPkSv8L7Tl89RvT53/3D2nzX3m7nNmvUDi7LmHT/38r/eOmvrnB0777C93n/XpX+455cMX7jv73RfvOfONF+8f/fKLj5z11z02i/4ysPH1J1YMo3v78q5fNWX0z33dfmlelK8oNMqrdNx5lTLlq1IT/UJr9ZRG3a1JVhk0YGjnEElgIXA6R7AHI6XlIRiBSQl15SVU3TcGXu2cHnn/vOYehaub+utfDeyvbx3osdt69Bv42/V7m8l9B6jf9fe83/RtbPhVj1XUb1bNZX/f0Es9vEpOPaoHffH0Svk1/7JqbvVnVy+8+/yeW/GX3phywWuvPHzeWy9MOfvd5x84+/0//+H0j/5096hPn6KxPnrX8V88dteImX/67Ulz7rnnhDbrqn9gwvDqUxOL0YQJw1PLzfIrFlH/J6M85j+ZHaszR8ARcAS+ioCL+zsBJ7D+zsKdLVcE0NB2k548ebKaPLmYkJXtl2L/OLnYbu1Pt57dtsdmMBcgaAOtZZpWA9otZKSpgHYFwfM84LRNSJ4tQIOAWgNHYwJhun2uXg14NKmhIbh3vZ4933pq8umzn5o4qvOpG4plu9X1wANFEj0Lvi9hr++//4xuK4Zsuv3ew1MT7fcoiskrEyakkycPpf5Zm6xsf5erKXKDdQQcAUdgKSbAluK+u647AouVQFfD2oHHkpXR6J01mI3Jq5NljAEyBM4ZCO6BlNLqLfAYySwZxSapve1DPLl3E5uy1SrrfmE9R+AOR+BrE3AZHQFHYFkhwJaVgbhxOAKLkkDrpEn8sxdn9NFxOoRxb0/PD1ZkiMKAqTdjEEErDYJCkyTAZKyYTj73WHzvCo3+Q607D5pmfwOontn9cAQcAUfAEVjuCDiBtdxN+bI94EUxOtqKY/E9M3t2VvU2IBp24X64EuPCV7Q/qKgBbRBSqUDqFDzOQaBSgW9mBhg/2Lch9/A2G28zy37fibK6lyPgCDgCjsBySsAJrOV04t2w/z2Bj9pa8l1VvZkWjfsIUdgAMRNq7YExggpxCgGM1sDJewU60dmAzRMmeSIj1N09Q/2x/W1IyuhejoAj4Ag4AssxgX8RWMsxCTd0R4AITKKtwenzy+tAkP0JitzWILLNxvgkqEhggQfaMDpHYOTNIqMr6DY6eV6r9A9NvVZ6e9y4kTG4wxFwBBwBR2C5J8CWewIOgCPwDwR+cccb/dPU/3GC3pCEsV6GeQyQRBUZMgHKAG0NKjBGAwepUMcfYFS7b4Vs8wu3X3dQ9z9U5U4dAUdgURJwdTkCSxkBtpT113XXEVhsBI48/dcFpRp+qLCwZ03jgBpXvGYqAAGCFAoijEFxRSIrgpCuPVNry7Poj/kgfWrQoGltiGgWW+dcxY6AI+AIOAJLFQEnsJaq6XKdXVwEDjnkitzU99o39TN9DkCWW8UIX0jUAAIhUlWyhISVAkZxATm1ZFqpZETyTBq3PbRCD392sVikzIurd4ukXleJI+AIOAKOwHdIgH2HbbmmHIElksBuu10XTJ+fbpCCOFRz3Eoak+FCkJgSkNJWoCIDMID0z0gJRkXVTGCeT+KOO8PG4F33vaslclpdpxwBR8AR+F4JOIH1dfG7fMskgdbWVp6GtcGpF7ZqL9wx0dDEQw8B7VsDSWQx0PSPMQSQibU4ZPo1SEsTezRkn77v16eXwR2OgCPgCDgCjsC/ELCryL9EuUtHYPkhoIKtelcT3NGwcKcUvD4m8NAggiYDYGD/Ursgb5ZOYkAtEx/SD1TU9btM2vnopF+N6kD3vavl52ZxI3UEllACrltLJgEnsJbMeXG9+g4IDCs+kJ02v2u7mHutEYqVWSYjDONQTVLaEURAw0FJAKaBzpUKmZqR8/W9Od88NGXyxfOduAJ3OAKOgCPgCPwbAk5g/RswLnrZJjBs2Hjv7TfeWl/y3E+B59ZVwg9jYyDWGvwgAKUUaK0gl8lBVIlMLhDzQpY8wnT3g2v3WH8GkOQCdywjBNwwHAFHwBFY9AScwFr0TF2NSzgB+/8MziirFWuVYE9ghc2M5zcw+70rwQHJg6XUgi+02zeHSVKT8XgV0tpfjareO2iF3u+PG7d7soQP0XXPEXAEHAFH4HsmYNeQ77kLrvmlncDS1P9isci6Hvi8x4z50bbgNezAw0IfyTlPQIOid4M2hoZj7O8L0tZgCtykcUbodz1Te6CHj6//+rIj7ZfaDWVyL0fAEXAEHAFH4N8SoCXl36a5BEdgWSOAH7Wtmq9VxKaen987LDStyTzfB0aeK87Bfrld6RRkmgIoMh2nHkSfQ9x+f8988JTYc5D7Y6LL2h3hxuMIOALLMoHvdWxOYH2v+F3j3yWB1uIkb/rc2WtE0uzNQ29LCbIAnCPnHoAhkaUAtNaAOramUEczGS8/lM9H9+2yOf9i8tChlAPc4Qg4Ao6AI+AICwiW5wAAEABJREFU/FcCTmD9V0Quw7JAwBiDXe/MWaFcxl3RC36oue4hIUFj/4io8YCZEKzIEsiAc9ovZHIu4+qPgQ+Td91ovQ+HDx9OLq1lgYQbgyPwDQi4rI6AI/A/E3AC639G5wouLQQMiatRoyY2dlVxCPca92B+OBB99JhPmgo1AIkq0Ax0Sg4qo4AzXfU8/UqY5Q9ke+feGTly9xjc4Qg4Ao6AI+AIfAMCTmB9A1gu69JJYOjJk8M3ZnSsr3m4B/rZNTUGoUIBivsgGQMFBqROQKkITFqRIYvfD1n14QE5/9WNsl9UvsWoXVFHwBFwBByB5ZSAE1jL6cQvL8O2vzU4e/rslTsqfCgJqs01EwXDfJS0LagMB0Xeq9QkIFUNBNOGm2S2D7V7m3P42Jo9B8+l8uTiWl5ouXE6Ao6AI+AILCoCS7bAWlSjdPUstwQefSPXs6OrvDvzM7tw5vVFZMwAks8K60wQFFgfVigYZAWLfS3/2oDwwMHbD/isWBwi65ncD0fAEXAEHAFH4BsScALrGwJz2ZceAjsfckVOq3SLTDa/V2r0QMWBa5JWyhj6+eU46JxbI6ElGM5pacg/WWgMpg51vzH4JSAXOAKOwFcRcHGOwH8jwP5bBpfuCCyNBHbbbURQ6YrXihT7Saxh3Uy24FlVpTWJK027fhQypcGKK0EDbMiE0FjIzFMm+bjUI5DGmAUuLkpzL0fAEXAEHAFH4JsScALrmxJz+Zd4AsXikyLivdZEzO3j+YUfhtmGxjiVpK/If2Vo108rQBJZSAILFJ0bA1IqkInugRhspT+PNtj7qMv77TmsmC0Wi+49slhm3FXqCDgCjsCyTcAtHsv2/C53oxs//mXvlQ9eW6OWigOlFvt6XnZF0lbM4wIQDYBRZLousIzWdKnBerWSREIs1YA4gcMqMZxeqsAR1W7c+tVpmb7Dho33nEdrubuV3IAdAUfAEfhWBJzA+lb4vr/CruX/jwAOI4/TXVPuW6+jvXIIY5l9GQ9XVYp5DDkwxiBkWDePAW0NIjDSWwAIirYLE9JdlVh5ZS0G1cDfTXn5n8VQOLGjkg59v+2zdY864/K8E1ngDkfAEXAEHIGvSYCWmq+Z02VzBJZcAnjQiGLh/VnlLdLUOxL97H48kx2E3BeIDAQJKw4aOCggOQWMtggZebKQhJU1Ek6gaJsw0UheLMRKyv2S9Feo6vBHqWk8PpJNJ30xHXcdeuKEFUdcd10Axn0/C9zhCDgCjsBXE3CxXxJwAutLEC5Yegm02v9jcHa8TqyzQ7UI98Agu6LwAsE5Iqc7nNHWoCZRZQ0oRNoahPp/kUOiy5A3CxAYCTEkk+TtirWAWAmMTTZT09mVwWvZq5JmRsyeWzrsvRdKGx5J3iwAQHCHI+AIOAKOgCPwbwjQ8vNvUly0I7CUEJCz25qSKNjc8Mw2wML+GjnXoElWKRJOGpC8VSZNwAosa6YusgAEGOA0Rk4iixkDzJ4jUhwDY+jKCPJsBTwxflOK4abAcodEShz5xYxos+OK1+fAHY7A4iDg6nQEHIFlggCtIsvEONwgllMC9rf8qh1d/QwL1xd+vj+yQJBWglSmoHQCRssvTYEmr5UhUQXkfEJE+7MuqmwBQSKMU7pPsT5j4BkERiILhQcpFxBJFiZGrEzt/LiSsMM+/HjWJodccasTWeAOR8ARcAQcga8i4ATWV1FxcUsPgX4bh+WKXFMpfw0DQc5wgZKEktQpCawUpI7B/ikGLlj9G1iGtgAN58Ds97JIZDHQwMnXJRDIo6UhQGsAAaUzqgconXkCNFlFGhErrw/y/O4IhWHTX3xvk2LxlnDpgeV66gg4Ao6AI/BdEWDfVUOuHUdgUROYNGkSf/n5T1dAnt0qyBQGG42e/cK6IW/UAjOgtSafFYkoElWIAgA98lpx8lMBgM1HQgxMQtuIKaCSAOT5QqUBpQZQ5PVSKaiEjOKUYpBoTo6tsAW8wu7cbznq2bc+X3e3EdcFVJt7OQKOgCPgCDgCfyPw/wusvyW5E0dgySVAQgonv1Zuae+qba8w2BoMNkmdYCXuBsU0IBOA5K3iJKo0CSmZpkC7hSS46KV1kqZxRaaVNinLs5QqzwBdm8uM7FRSVhB0StuMpNEMYKqBkdjytABPBMB4AFWNWIqhIcZg14jlDktnV1ffvlgU4A5HwBFwBBwBR+BLAk5gfQnCBUsXgaEnXx1Oe+/zDTXzf0JiavVUK1+DBOQalE7IFBiDZEDeKSBxFQPqak1HXZ/JaseTKuq4A3X5OpN0Xa5l+XIVd1+d1ObfGHrqNhV3Pc2hMs3DuCJUbFCRh0tTfSS0FAkurRnECrAamx5AIgtQ7Nj8Sa4F3OEIOAKLlYCr3BFYmgg4gbU0zZbra51AK20NzpkjB2jM7BRkC5uA4HnDDRpmaFcvtS4qEMLe2iS27Laf1kol1blpNPdPAjqv9XjlQuF1X8rC6Bcc9M0+erdkRHKTrrZfFaUdFzPTfT7I9kuZ7pgksPoOU7VuTpuDPnnGGBhA2mREu9WIAeMiXMH3cjtJydcaNmy8B+5wBBwBR8ARcASIgF2FKHAvR2CpIYDVez9pmN8Vba4wu32Ssp4KDTKPgfAZcG4NgSGAIa8TCSLtcZiLsvL7nIiuWHu1/G0DM6s//+IDF0x9fnKx/YUpxdKz95/R/dS9xc5Xnrpy/kv3jZ4+KPvWcwrlrZ4oX5TW5l3gmervs0JN9Y1KfBJYHkkslABoBKSSh4nk6wHwnTrYvN6wRB+uc46AI+AIOALfFQEnsL4r0q6dRUJg42HjxfxutkYY9NrVyzStAl6AGASgjfVeaWCMA9cISRyBkbHhEJcYRs+FAdy1wkoDX514zajOyZOHKiB5BF99mMmTJ6tXHihWn73ngk9X/0HPB3o1i5/rWudEUNWPPapaJwoE8yCNDUktgcLL9qlGcof5X5Q2dr9V+NVQXawj4Ag4AssbAba8DfjbjNeV/f4J9CiV+0YQ7Cwx3FIa3qCAbmHk5EDygXH7FxMEIDLwhGcCH8paV55Pq12/y2STNyffcHwZvsGBiGby1SfX9vlh4aMezf79GQ8eCzw2VwjUjNrNZvOgFUI1kpx72cFhoWXz6R0zG79BEy6rI+AIOAKOwDJKgFanZXRkbljLHIERI64LuiLYjItwRy+T6ceEz0HQhh0K4JwEFoaA2gMEARx0RSWVF1VSugMz8dOPT7q09L8CGT58eNq7f9OnqNOnBKr3Qp9H1BDESQyM2gfGkPthg0Lxgxlzov6TJk3i/2tbrpwj4Ag4Av8DAVdkCSTgBNYSOCmuS/8/AfsX29+dWx6kMNwLRGZdDSxUYEDW/84VgtECQHPIejloCHJxwPWrPk9vawiDx59bPz8fyBv1/9f69WO6PytU/RA+NDr+QKZxTWtFbUtIlaTQgDLg0V7hqomENR5/tyP4+jW7nI6AI+AIOALLIgEnsJbFWV0Gx/SXd8LC7O7kh6nxttJcNCrQaFCDMRqUopAUDmqkjTuUKql+ICC9qynrPfanjfx5UCxq+JbHpEmtOoO8Q6OeTUou1iSwKARN/wwipNpwA6I3MG9wNK8t8y2bc8W/awKuPUfAEXAEFjEBJ7AWMVBX3aInMGrUVZlupTbKNPT7qQ5yKyrGGDADSOKGGQX13xY0AL7gRptkbhCoexrD9JGD9117zqIQV3ZEiCSilEo5YCR8IQ1DAEFeM8HB0GmiFGUToWJev/kdlbwxNpai3MsRcAQcAUdguSTAlstRu0EvagKLrT77t6VeninX6o68ocxv2DxlPEDPB0Eai8QOkLqqG+MafM9Us4F+Pkm7H15nlTVmDB1qf1twUXXNQBj69n/QYWAADf0AJP8VebIUbVPSi/rBeCgyPVB5hbFjx/JF1bKrxxFwBBwBR2DpI+AE1tI3Z8tNj60XaF5NN0c1tm2Y6bF9rEWjCQIwJK4Y+a/AWKVjgHxIINBIzuRUY2pP9mgWHxSLQ5NFCYqagrhW86RSoVKaI+fAyazQMhqoN5y2Kg1n3M8bZLmZM/uRXwvc4Qg4Ao6AI/C9Evj+GmffX9OuZUfgPxMYOnasN7/cvRZiuJ3BYADnPvPsb+2hFVYISLtw1hgpMWbkXKOTJ/MtwV/W6R91/+eav3kqeaSQhb5Pu5N5jVwwZOTDok1KUl7kxwJEOleGdi5RCC7Exht/8zZcCUfAEXAEHIFlh4ATWMvOXC5zI+n6vFefWAfbJCxY33CTUSYBrhMQJGrQAKBG8A2HkGHNM8mrvqw9mO/s/rhYLGpYxMc776yNUYwNiKI3bQcGWmlQdIIMAeyrbmi0NtqAVq+8Au5wBJYJAm4QjoAj8L8RYP9bMVfKEVi8BA459dZcd7fYomr83VNgA1LQnJOq8q2QkZIkjKJtQQaCRE6Aeqav0ydXyPtv3nrrqVVYDEdzcwcLfdHLAA5iyEMJhlpBQEQgr1Y9tB1ExhLFQPbvv7rNAO5wBBwBR8ARWD4JOIG1fM77Ej3q3UZcF7z36fQNEq2H+mF2bT+T8ThtDZJ4AfIQgSEPFre/RUgeLeHrbpmWnkeWPAMbbzwfv+Xfu/p3YJLE57GUPZU2zchpi5AJ4FxQX+xbCMmbpUhyoVFapaDs/1S4sCYXOgKOgCPgCCyPBOzqsDyO2415CSVA23tMtkUDE8n+T3KxlfG9BvQEohCgqM9KQt17BYq2CyGJPBa/6XvywR69Gj+aMGxjSqVMi+FV8ecE5Uqtl9KYI5GHDDkAiSwSXEDXJLA0mdGpTLs1q9XeeecG58FaDPPgqnQEHAFHYGkhsMQLrKUFpOvnoiEwF9bOdqZqI5Fp+qHxg54SkaXksbK/OSg1gP2Gk2AMPGZkxjefo6rc27NX5tmVmj4vwWLyXgEdXOZywLx+iCyfSI0A9q2DQF0jzxVlQARkEBmQs7LZTGnSpEnUW4p3L0fAEXAEHIHlkoBdJZbLgbtBL3kEti8WxVsfTRsYpf7WkcaVwct46Hmg6S5FJAEDSILGgKCAg+xAWXu6IWCPDN5rzTnk+Vpsgoa2JDEG0wuZP8gwljOAqJQmz5UG+/0rzhhwhtS+6qAOftrUJMq4GMUeuMMRcASWBAKuD47AfyRAS9d/THeJjsB3RQDlh0Ghs6O2ucg0bKtZpiFWChUCKHITGaPBQxJXzEDAIA64eU+I5OGt11/to+KQIXJxdnLs2IlBe6myehSnq6QphIx5dXFltAbrTeOckdACaUzyOWLt44HZlePF2R9XtyPgCDgCjsCST8AJrCV/jpaLHra2Fj2VBqt5YY8hScpXCoIMZ4yD0QY8zkGnKWhp/0RDqgUm7Wji53NB5o2RI3dfrGKGPGPs/dlR31pitgDhD0IuhAHaqmQMSPeBVgqYVsZjqgKg3mns0TJtzJjWlLK4138j4NIdAUfAEViGCTiBtQxP7tI0tFg0NScpbg7c3zAIcvmEtuDIeQXkKgJDIga1BJNG4JpfgYMAABAASURBVLM0YSZ5L2T62Ya+bO7iHuO06oq5Oe3dG2vjbc4waDG0R0g7hMAQgXMSWToFRs4rj+l2jvF7mV5NHei2B8EdjoAj4Ags7wScwFp674BlpufF4pOiQyZrIvO2A/RWZJxxjyNwhuAxBj65jHy6U0MBJuBqFofKE5wnb/aHWREsxsP2a9pn81aqxuZHgmdWRxH4hnFqEUljGbCiz+MGAgGSMzU975v3VoOPF8vf4aJG3csRcAQcAUdgKSJAy9ZS1FvX1WWOgDEGn532du9ayocwP7sJ417exvkkZEISVwEiCKMhQAAf0lTJ8gsplB+vZf3ZtH2nFxcQ24cvvvikIZW4ieHhNszLNgMKNNQnUlfAqD9oFAScG8F0BXXyfo9c4TPqk1xcfXL1OgKOgCOwdBBwvbQEnMCyFJx9bwRGjhznt8+vbKgws6MxXl/OfO6RuNIkXoyi7TepAJUEj0QWw/QLAbUpPULxwZRxIxfrd6+GD58gPpk1fbBCb4jg2ZUN9wT1hDih1VfAwQBn5MViyjDUc5lJXje5TDtlcC9HwBFwBBwBRwCcwHI3wfdGgLw97LW55UExensyEa7JeOgzElfGihetgGsDWqZAu3DgMehkRj6UCfkzk8afUVq8nTY4vaOrh+L+NsqIjRFFzmiSVIbRG4aB/cOitn373TCuZZUE1qt+NnhlYPbIio135gh8WwKuvCPgCCz9BJzAWvrncKkdwV/eCQvV2N9eiPz2KIJG9BgqNCDtF9rRDssAMwZCZImn5Zuoa/fJzLSZiJTJJi8ma20d681PotUSFm4DPBwgSd4Z2hokfQWaxF+9axpAIDMcoU3H1Ze5ZFOLRfu3sBZTp1y1joAj4Ag4AksVAbZU9dZ1dpkhYL1XJemtBCyzG3BvJcO5kCReJCpQdFcqOrcvz37Hies5aKJH+kD85pRx477G1uC3w/S5jAuxDjfRPLee4tlcCgj273EZ0nV265K6B6g1CNBKxtXPmTZvQbm969u16ko7Ao6AI+AILEsE7FqxLI3HjWUpIfCXmf0Kmnnbggg2YMIPmPUQkZAxZGhdRcCBc9qSY6pmTPKaEObPa6wBi/07TsWiYUqLVQHENoaH/VJjuCE3lbLiCgww++122r4EUIAmjRmk76BKP5k8eUy6lKB33XQEHAFHwBH4Dgiwr2rDxTkCi5PA9sWiiMuVNeJU/ogUSz8jOGgrXEjA0I4gAAksbhDSqKqZSaYjqz0eiPQ98nppWNzHoKd8w3KbCBFsTDoqZ6hDjISebZZOSVTRmVHg+QwKDeHMTMF7Ps21zYEFKeAOR8ARcAQcAUfAEnACy1Jw9p0SaJramK9V1VaZbOMG6PmeIXFlqAeavFegOZDLiAwg64suo6vPB0z9tXmzXDdlWayvInmvHr//mTUEhNtxnu1FnjUkPxUopJ5h/ZtXYEUWEwihZ0gflt5Wsuudxmizxfr3uMAdjoAjsJCACx2BpYYAW2p66jq6TBAgjxCWU7Mi87ObaCZ6K3JhaRqZIbMSxt6Q1nvlaZBMp+/lA/ZYIVP7eMLw4ZKyLLaX7ddD74ztrXlmV8BwU+5lMtwLgFvvmtZ1YYUkAJF6IBiSw01+oVTlacnizydPHqoo2r0cAUfAEXAEHIG/EbDr2d8u3IkjsLgJHHHExCCKcF0Ab12NGNovjyvaGtRogJEJMk5qhzPVnhXwDIPyyzP7xNZ7ZTXYYuveTkMva4Ca2E7KYC/Py/UzKFBp6hl515SyAksDo21LTv3z0JS1rD7HMH1WDQ6Wri+3LzaCrmJHwBFwBByBfyTA/vHCnTsCi5tAlC+3KBCbS80GSE2ainGQ2gBnDMz/Y+9OgOQ6yjuAf193v/dmZg/dsixjXcaXlGBcGAO2YysOEOyKAWMkyEWcgsghRK6yU6GoIhWNqxKKkJRJWYTEDuYIhhAtBcROsDlsbEMsfBEfWJKRsGVLsk5rd7W7M/OO7i/fW45QUJK18oy0O/t/fq2Znfdev+5fr2v/1T07q4GGfabLg1lmQ/ZDktHvvmJR76576/WOzl6trNddM22d7sVe4eLeXyvIJBqpNPaJzlkRMZdtEzIUyDEVHNJnfdb85tKFJ2/tdNsIGwQgAAEITEkBBKwpOWxTs9Hl3/YbPJid6Sl+rc4Q9QcmnQ8iithSyHNyGmkiJ8Fxc5cUQ992Jn9iPu3v+N/26/lRqy8N5vVsaucbU+ljbY/XZcFAnljDlc9yiqzVgOWp4sKI4WJjb9U+dPNH13T4A0+n5jij1RCAAAS6TeBY+mOO5SJcA4FjEODH92yZPdSQS9kmy9hETvOVzloJRc4RFQWRz4iLRtNnhx6rxcV9i849e1+nf3NwzZqbo6FW75lEySXGJgu1FeyZNOoFovLRe0rimELeJMtZEULjOcqHH1i4ZMYu5vF8SNggAAEIQAACvyyAgPXLIvi6IwKXrb0p3n1gaDlH/a+zcWWmjSM27Mjo8iDlBSUasixLMJTvj1z26NmvnLdt/bWXZR1pzC9UujMbnpN7+wYb1V7lomrFF6JH9X8LDVdmvLAuWZKWIJEpBg01H6lE7smFtAa/OUjYIHC0AjgPAtNPQH+STL9Oo8fHV0BEuHmwOS8r3CUUV5fnwjGxJWsdRVFEXmeJWJvEoWiJbz0t0nykl54ZIursDNHam76eNEfCOUyVi63rWcA2NmQMWWOobI/4QJaIQpFST82NShh7hPzYN+M4wp/FURfsEIAABCBweAFz+EM4AoH2CKy+YSAaa4azPFcuzL2b64WNF6MhxpB40RCjcSaE4Iw9WK3YR/pnuR/p0mBHZ6/K94NtvnvjGc0mv5VM9bXEUY+IYdJZtbLX49FO20aFp4qzYqXYbo2/y8T5g9HYKeVvNZanHbeCG0EAAhCAwNQSMFOruWjtVBTYuWNTb7MIK8hUztDMErOLtRuBQvDkQ0E9Ff1acm9M6znh9JG+MbdfT+jo/uPRHbNHs+gKMdU3s63Mz8TYfPydV9omr8+0XRqodDaroNj4sVY6+ANn0wcuOm3FHnzuVUeHBpVDAAIQ6AqBaRKwumKspmQn6nUxxZA5WWxlhbe2XxxzQYVGmYKYvQYYQ82sKZWE9pGM3V+Lw5OnnTbW7GBn+ffX3tS/bcu2C/WubymSvlNTE7vCWiqMkDcZicmJtUhIyUrmtYW7Et/4/kxnnlu3blXewbahaghAAAIQ6BIBBKwuGcjJ2o17t98Q++CWEtmzdZKoJzBrU4VIH6wW0tkix76g0NqqgeaBvn7eo8uDgTq0XX31Z5Kd2/efKVHPm5OevuXBulic4TJcpSGnIJ6CNoc1AiaRCbEtDoZs6LtRNTz0xte/eYjxm4MdGhlUC4FpKoBud60AAlbXDu0k6VhKvSGEs9jYhcYYZ4wlEW2bFg0r5CxRbHks+OzRqnObW88tbunRjuzl+672NXcvylzyWy6pXhQiM8NExIE032mocszaHqsvBDIiEjE1HRdPRDbcOXfW7G3XXHNe0ZGGoVIIQAACEOg6AQSsrhvSSdUhjpLaLGOj09m4mUxW53+MBiz5aQkUG/G1SHYlzj968klz9nXq/U2al/ipfZvmHmzJxXHPjMvFRcs8k2NLOlcVSBtG2jIq39TudGat6kwaW9piJb994cK5D95209ryje1C2CabANoDAQhAYFIKIGBNymHpjkatrNftyGjjlDyYJWyiHtZtfPZKI40mLE02QRJNMOzHnk443fSW8/oa1KHt+o8PVH68Y/i8ZhG/vZHyqxpeqlFSodR7vaOQJSYpPJkiUM2Zwkr+fMhG7jAuvet33jBnT9l0PRE7BCAAAQhA4KgEzFGdhZO6V6CDPTuFZtcyiVYYGy9mMU6CTg1pwjI/mwcKGm5CeiAK6caFs2btWr16tb7Q/gZdtvamZOM9m85upuZyH/Wd16KoT2zCmTAFLSIar/TRavu0keJM2Me++e1KnN152oze5zrVrvb3FDVCAAIQgMBkEUDAmiwj0YXtaL5Y7WeOziQTzdM5IqPxSpfhSOeKiAzrK1YKy/nWkI88ONi3uyN/12/l1fXK4LMHV6SUvJPivpUSxbN13dKIiamVCxl9tBqwynBlJBBL3qT80PcrLvvPpTOqW9avvzYjbBCAAAQgcNwFpvoNEbCm+ghO0vav2rDBvrB/9yk+8GmGXc2wZceGIo1ZhnQpTovOFI1xSB+v9ZpnBur1nNq8rdRwNXIgWp6F3ncF7ruSk2QpORcFtpR5JssRlZNoVM5cMVM14pCY7BmfHrqjr8f8YM6cg6OkC5lasEMAAhCAAAQmJICANSEunHy0Ais2zYuyZrFEKFpsTKK5ypIhJuagj6IlEIViME8bT83SR61XtLRtL/+IczroTydTe6erzn6bTWYsY+cqgfQ/vRMLk05YkeY84lBoyaiW0CH2o/fXasX/FIOLBjv5cRFt6ygqgsBhBXAAAhA4kQLmRN4c9+5egWZzf2KjyqnGJnOErK4IWu0skwmBjHgNWt77kO+wjrfefPO6tn6wqAYj89SefcvIzbrSVfreHmy0LOmtxdYZEg1YpJs1RtvBZHQKy1Khs1mttMiHHmca+a+lc+Y/PzDQmfeDETYIQAACEJgWAghY02KYj28ny49EeHjHj2Y2m8XSoqCaBGYJQqJfkC+oXCK0FFLLtLWn2ruT9XC7WrhyZd3ds9me2QrJ1TnXVqdkTvPORI2iRVLOngmR0WKJyXEZ/XJyNsuqVb+JaORLM/rNQ+vXX5sSEaFAAAIQgAAEjlUAAetY5XDdYQUGBgbM0PDoXCK3xEVJbMY/XFRTjc4WBV2OsyJluEkN046R1ujQYSua4IHLLlub+DnR8pFD8XvZzlglpnoGWRuTC5T7BokEDXdM+oRIw54Zn7nKA0nj+Swd/lrVhG9+5XMfOTjB2+J0CEAAAhCAwK8ImF95pW0voKLpKrBpE9kojmebKF4YOReVDjp/pbkmaLgpQ04gnb0ai1h2z25W2vLZV5etXZuMVOadlaXu3VEy40q2tcXCLhJdCvRSkIvKYEXjAUt8oCLPSYIXZ/IDhtN7LGdfr51BbZ1NK/uNAgEIQAAC01MAAWt6jnuHez3PiLcznbP9echtMJ5CJKRphoiZkjiRSOigLYoXnpnVU9DL3FZdd2N1aMecc1KK/0CS3qtMEi+SmHXeyhPr0qT1lmzQnKf3znUWi5k16IlUHA/HLN+ykg2Qpy0D9Xr2MpuCyyEAgakggDZC4DgImONwD9xi2gmMmthWeiMXJ8RC3ngiE8jEjthZiowJRmQ4ZMXQssFZ4eXwXHfjhuoLO4df0yqiq73UVnmXnFY468gImbIQa7iyuiTI5ItAPP4d7zVc0ZgJ2QPWp186eeb8h7+zYd0YYYMABCAAAQi0SWD8x02b6kI1EBgX+MHzm2zwvhI8WxHR14SYmZgClV8HKUJkZSy2rdaKFZtET5jwXv6m4O996JOzHr7voQvrnSYjAAAMx0lEQVRbTf6TSrXvbS6uvMIYZ5l5/A3touFOn+rklM6ghUDWGOIQJDblG+ybT/liaGDp/OjBFQt3jzDryRNuxbS9AB2HAAQgAIGXEDAvcRyHITBhgcbIQdPKiyTPc0ei32KBSXONlkBGQxaRD17ysWaeNuvr1slEb1B+xtUTO2cvfHbzzssy6v1A0jP7t8lWTiIX22CYMg1Thd5HFyUpSBmu9KuQU0QsPdakNRe2Rtz66pJTe+5ePGftixrWwkTbgPMhAAEIQAACRxLQn35HOoxjHRHo8kpbDV2IE9E8o5NJZDXWlIVJyvdDMZFlTT9UjOSSN4l5Qhrl+61+PLj79Of2Dl6ZSc/74t6TLvVcnZeTs4WGucwL6UqgFtFwJeQ1YOkz0txFzqfNiLLNLKNf7a/w18/q37+7XmeEqwmNAE6GAAQgAIGjEUDAOholnDNxAeOI2LBQ+S3GZK0l0pklkUBCPrjxJUKbEumX+s/R7Nddt6G6f9uhc4bG6A8D166OanPO96bW501iTFSlPJAGqzKwMRk2ZIiJNdQZvUfFUSs2+ZNOGv9erfiB+XRoq85cFYQNAhCAAAR+LoAn7RPQnz3tqww1QaAUaNYkEHOu6SqUXwcRCj6QMYZcZMlYCVmeZ4EiT0ex1eti3v+hL8za+MzTFzak970SzX53VJn5a2RrPYVYDmxpLM+orKwMcsxMjk05U0aWRKfSfJ6YsJWLkYEFfe4rS87vf/qzn623juLWOAUCEIAABCBwTALmmK7CRRA4gsDr5i3yrVajGULwrGtzsc5elcXq86IoSEuZhdKsGB0PYEeoilatqsf3brth2YNPblmVSuX6POq7iuK+RYWJ45yYvGjRmTFmQ0YDnO5Ui2KdysrJabiqGp9VrN/i89F/O+Vk+7Wr3rhg+y3XXJMf6Z44BoFjF8CVEIAABH4igID1Ewf820aB5JXzfK0SD3PI01DkugYYNOoEYmYqZ5hIbJHlvmVdJHT4ja9YU6/tJ1o+MhreQ0nvnxaucomPk5kmqRjRunT1j3zwVOiEWbn0qFGLJMuIJafYskSStsQ3NueNwS+eurD25at+Y8n21avxNwYPT44jEIAABCDQLgEErHZJop6fC8w4RF6CP+glGzLsQxl8jKXxkBW8LhdS+W2n01k/v+L/n5TPNmzYYK/43fqc/buKCxqZfQ/bvlXiqsupUquKM9zS0FaGK50g0zp1MkwKDVWF1uo1WGlmSxtk/diwFKMPO9+8bX6f+9o7LpizA+Gq1EWBAAQgAIHjIVD+pDse98E9ppHAU8vJWxv2svHbjQlZ0ABUhiFi/XZjS8bp1BXHfSFNol9kERFeterG6sc+/cQrB0ejd+Tc82c51d7pubqskDjmcg6MWS8RkqCzYlpIk5YV0XAVyPiCJG8EDo19vjVyRyLpJypxY8OC2sxnEK6UDTsEIAABCByrwISvMxO+AhdA4CUEBnQZbvHZC/ZGzm4NPmtpGqKgS3kaoHS5UPRqFzkXzxBjqzqvVSYmWrNmTXTBFX+1cHc2dqFxfe8dznitjWe8iWztFGtrcRxVmYLuaRmiPJXPSZhYaxsvPhAVaRHSxk6fNr/oQvbJ3v5Dd11wVrTrllvwnitlwg4BCEAAAsdRAAHrOGJPp1stnfuKMWvN9iB+VCeupPxU9cJ70l2LWGOTBZVqZfHKK26Yc9E76sse27Xg0pzi93lT+5Ct9P5R39yTl0uU9ERx1RQ6S1VkXmenmIxYim1MVuesjAYs0mPk9Z+QjZHPHtcwd0vi6J/f9JpLHrn90x8bqdfrmrwIGwQgcKIFcH8ITDMBM836i+4eJ4FaM00T5q2WZYdOLRWFz3XSqaBgiVrio1zCuanYPx4z8V+0ivijIer9iIn6/zyYysWeo/k+D4bJcOFFZ6ksxXFCxhrNU4GYmYwxVC4NOsm98819kW/c6aj597Nr/rNvPCfbVq//ZkHYIAABCEAAAidIAAHrBMF3+23r61blPb1uuyHZJqFIAwXyVqhFKY3mTdMIYUHB0ZUarN5PUf9bTdT3arY9c8UkEZEj1mLEasTSGkSoCIWuCGq4sqJ0QcNVCI5CI5LWs7YY/u9K3Lx19tziWxevKHZ36ayV9hs7BCAAAQhMFQEzVRqKdk4xAWaZX511gCXfyt4PWkMh6EpeXgQKGpzSgkxWmB4fzIxCU5UXazwZEj0m+hjEUDl7JRq1yp4Hr0uEGrKY9CxJvfEjL5owupFC6197kvyWxQtmP3DXp9YNIlyVWigQgAAEIHCiBaZPwDrR0tPw/jPMvNGY/eOUp9tNkNwEIl8wSbA6I2VJTEzEOlvFVh/1dV360/hEUoYrEY1SRD6IBq1Cn+QU6SsJex+71m7Dh74R8aGb5s/1n7vk1y999Avrrx1hDXWEDQIQgAAEIDAJBBCwJsEgdGsT1q+/POtNeBP59FEuikEbjMQc6ZxUTN4b8sIkxpLRIvp60GXBwPq6nuGZiawhNkKR5q9KxJIYn7vQ3GaL0S8ndvhfFi+r3H37pz6896fvt5JudUS/IACB7hZA77pTwHRnt9CrSSIg/Wn/HpHse0WruUWKvOV0xsqwJWd05kqXAg1ZYp2xMkHDlmjRhutTYmYtokeDRMZnFBp7fTa8kYvRW3oqrc/0zkz+9/P/8JcNPR07BCAAAQhAYNIJIGBNuiHprgatWLG/MasWPZZQdp8J+Qs2BE+6GyYq4xSHQKKJSvRRn1BZymOGg8avrPzQ0FEpDv0wZEMbHDVvPOWk2n8sqpy8+Y5b6mW4EsIGAQIBBCAAgckngIA1+cakq1pUvul8zsKeF5zx37IhvU/ysRcjXSDkkJIVT0aDVURCTgJFFMix1xmtlDRM5VaaeyWM3G/8yK3V2HwqdubuFQsO7cYHh3bVtwg6AwEIQKArBRCwunJYJ9apTp898PHrW/PnJk9wGP1inh68M28eeD6WtFGxeajFrMFKVwCLMTLSDBE1mxqodod8cKOe+2l9vj7u81+9dEXYfO9AfbQMbJ1uL+qHAAQgAAEIvFwBBKyXK4jrj0ZAbr/1g6Nzlx743sye4saisfcfNWTd3hre+9DIwR2bfevA07EZ+6ELww8WY3u/nI3s+TvOh/96Xl/6T5ef++rvfPe2j+zRYFUczY1wDgQgAAEIdI3AlO4IAtaUHr4p1HhmuXP9+nTtu5Y/1ef8bRqq1lE+eh3lg9dmY/vXjg7tvnZkeNd1hkb/5sxFJ33+3JOXPHDX5/9Wg9XqTHuJ91opAnYIQAACEJg6AmbqNBUt7QaB1atX+43f+PjBx779ia1vvaj/obetnHPvBz9w4T0f/sBF958595JHLj+/f9vArdcfLN9nxRrKuqHP6AMETpgAbgwBCJwwAQSsE0Y/vW9chidd9gtaijJ0lWVgYLXXr8P0lkHvIQABCECgGwQQsLphFNGHTgmgXghAAAIQgMAxCSBgHRMbLoIABCAAAQhAAAKHF+hswDr8fXEEAhCAAAQgAAEIdK0AAlbXDi06BgEIQAAChxPA6xDotAACVqeFUT8EIAABCEAAAtNOAAFr2g05OgyBdgigDghAAAIQOJIAAtaRdHAMAhCAAAQgAAEIHIMAAtYxoLXjEtQBAQhAAAIQgED3CiBgde/YomcQgAAEIACBiQrg/DYJIGC1CRLVQAACEIAABCAAgZ8JIGD9TAKPEIAABNohgDogAAEIqAACliJghwAEIAABCEAAAu0UQMBqpybqaocA6oAABCAAAQhMeQEErCk/hOgABCAAAQhAAAKdF5jYHRCwJuaFsyEAAQhAAAIQgMBLCiBgvSQRToAABCAAgXYIoA4ITCcBBKzpNNroKwQgAAEIQAACx0UAAeu4MOMmEGiHAOqAAAQgAIGpIoCANVVGCu2EAAQgAAEIQGDKCEyrgDVlRgUNhQAEIAABCEBgSgsgYE3p4UPjIQABCECgCwTQhS4UQMDqwkFFlyAAAQhAAAIQOLECCFgn1h93hwAE2iGAOiAAAQhMMgEErEk2IGgOBCAAAQhAAAJTXwABa+qPYTt6gDogAAEIQAACEGijAAJWGzFRFQQgAAEIQAAC7RSYunUhYE3dsUPLIQABCEAAAhCYpAIIWJN0YNAsCEAAAu0QQB0QgMCJEUDAOjHuuCsEIAABCEAAAl0sgIDVxYOLrrVDAHVAAAIQgAAEJi6AgDVxM1wBAQhAAAIQgAAEjijQ8YB1xLvjIAQgAAEIQAACEOhCAQSsLhxUdAkCEIAABF5SACdAoKMCCFgd5UXlEIAABCAAAQhMRwEErOk46ugzBNohgDogAAEIQOCwAghYh6XBAQhAAAIQgAAEIHBsAghYx+bWjqtQBwQgAAEIQAACXSrwfwAAAP//lVuhVgAAAAZJREFUAwAw/AVOFoSBqQAAAABJRU5ErkJggg==', 'local', NULL, 'f');
INSERT INTO users ("id", "name", "email", "password", "role", "created_at", "signature_data", "provider", "azure_id", "email_verified")
  VALUES ('48b798c2-531f-4d0e-8b34-9ea474f12387', 'Roni', 'roni.hihi@sos-palestine.org', '$2b$10$Z09VoP7M5OOGHFC7CQINKeHuIV/c/iiWqZZEx1ygNKEegfUhz2hwa', 'admin', '2026-05-07 05:33:45.511726', NULL, 'local', NULL, 'f');
INSERT INTO users ("id", "name", "email", "password", "role", "created_at", "signature_data", "provider", "azure_id", "email_verified")
  VALUES ('457b6371-a27a-42eb-94e0-b01ae36f951d', 'Tala', 'tala.ahmar@sos-palestine.org', '$2b$10$zdvQYhdK4ZSmOC6CwCi26uoYANmQo62lNbhOMyvUtRnkf4RgQQEMq', 'admin', '2026-05-20 10:24:55.24523', 'data:image/png;base64,iVBORw0KGgoAAAANSUhEUgAAAbYAAADICAYAAACEVsR1AAAQAElEQVR4AeydCcx1R13GP6RAF0qLgEBBQCVW2obKJlLDUg1NQYEQFk2VJSYKFjECRQIEqYIbBmsgFOICaiUNBaFAoYCKpYAIUpTWVpGllK1AWNrSjbI+z9v3vMyd79ztnDnnzMz5fZn/d2bmzPKf39z3PHfOnXPvD+3jHwQgAAEIQKAiAghbRZPJUCAAAQhAYN8+hI1XQToCtAQBCEAgAwIIWwaTgAsQgAAEIJCOAMKWjiUtQQAC6QjQEgQ6E0DYOqOjIgQgAAEI5EgAYctxVvAJAhCAAAQ6E9hP2Dq3REUIQAACEIBABgQQtgwmARcgAAEIQCAdAYQtHUta2o8AGRCAAATGJ4Cwjc+cHiEAAQhAYEACCNuAcGkaAhBIR4CWILApAYRtU1KUgwAEIACBIgggbEVME05CAAIQgMCmBNYL26YtUQ4CEIAABCCQAQGELYNJwAUIQAACEEhHAGFbzfLlOv29XXNcUUIPAlSFAAQgMDgBhG014t8OTofxILtz9HGq+VbZZbKrZd+SfVfWCGluxzfLNwIEIACB7AkgbMun6JiWU19Q3hWy62Q3yL4tsxjZthWis1T3l2R3kR0iO0B2E1mu4ZG5OlaRX5doLM3ryHElCUsJcAICSwjkJGyvl49XybqIRHMxSHm8SL7E4Y7KOEx2oOxmspvKLEY2RasOb6l6dHkM7h6BG2E8yCYKAQisIzCVsJ0qxywc1+jYCNljFT9UNgeR0DBXBgu0V4Pm8xmVPEf2eJnZTGWPUv8ECEAAAtkT6CBsG4/JF8JXqvR/yHwLz7fvGhF7ofJ8q+9gHX2h1qH4YDGyfUcj8edl1+t4pexy2f/Lzpf9g+yZsqNlHvcy87x4RXhLlbur7BEyr2h1IEAAAhCAwCoCvoCuOt/l3DdUyRf4s3V8quz+Mt/C8+07X8iVXBpcz7cjz1QJl53a5MZCWOWPWdr8WdnNVesg2eGyI2RHyh4se5LsNBmfnwgCAQIQgMAQBHwhTtnueWrMqwwd1gaL2LUqdaHseTKLhv3xZ1gnKU2YAQGGCAEIQCA1AQtJyjYtbGF7vvXoW3K+Hedbkqfr5MNljYh5N+CxSv+JjAABCEAAAhDoTSC1sHlTiMXtYnlm8fKuQd+S8+24ByjvabJzZQQIQAACiQnQHARuJJBa2Nzq8frPG0N0IEAAAhCAAATGJTCEsI07AnqDAAQgAAEIBARSCFvQHFEIQAACEIDAtAQQtmn50zsEIAABCCQmgLAlBkpzPQlQHQIQgEBPAghbT4BUhwAEIACBvAggbHnNB95AAALpCNDSTAkgbDOdeIYNAQhAoFYCCFutM8u4IAABCMyUwCDCNlOWDBsCEIAABDIggLBlMAm4AAEIQAAC6QggbOlY0tIgBGgUAhCAwHYEELbteFEaAhCAAAQyJ4CwZT5BuAcBCKQjQEvzIICwzWOeGSUEIACB2RBA2GYz1QwUAhCAwDwIjCNs82DJKCEAAQhAIAMCCFsGk4ALEIAABCCQjgDClo4lLY1DgF4gAAEIrCSAsK3Es+97q09zFgIQgAAEciOAsK2eke+sPs3ZiQicrH79pmOZfVfnr5URILCaAGerJICwrZ7Wq1ef5uxEBF6xpt+b6PxBskb4EDrBIEBgLgQQttUz/fnVpzk7EYGnbdkvQrclMIpDoGQCEwlbMcg+UIyn83L0dA3XYhXbdcr3Kk2HlcH14hXdl1fW4CQEIFAMAYRt9VSdFp0+MkqTzIvAwXLHr2kLl+0GpTcVutvtlnV537p8ldIECECgQAK+CBTo9mguXxL19KwoTTIDAitcuIXO+TVukfsFxb0ZyMKl6Mrg8k9RCZe1yJ2hOAECECiEgP/oC3E1CzePy8ILnOhC4N2qdIDMr3kL12sUt3DpsDK47K+pxLdlBAhAoAAC/iMvwM1sXLxTNp7giAl8Vv9ZnJbZNTrfhAMVCV/vv76btnDZvAPW7Si7Ndy0NZfMyggwnBoIhH/oNYxn6DEcMnQHlbXvVY7FwvbvCcZ2W7XxnzK3Z7uz4quCP3NzOZs3lvhWpH1qq3OoMv33YJF7reKuowMBAhAojYD/kEvzeWx/wwucb2WN3X+p/VlEwlXOA3oM5J6qe7HMOxfvq2OfYJ88p4etaMS3HvnbWAGIUxDImUAuf7w5M7oycM7v5oMk0SUEvOEifm15xbSkeGv2o5X7BtmXZB+VHSVr43/Vbr7P2by7cZO+rlC9h8gIEIBAZQTii09lw0synDclaWU+jVjULDDhiL16823BMC+OH66MU2UXyCxMb9TxMbIfkYXBq60PKcN92OKV11d0zn35XGhuX6cWgjeULGSQgAAEyieAsK2fQ28yCEu9OkwQXyBg0bGYhJkWtfAW7t118mGyp8teJnu77DLZ12UvlN1b5o0eOiwEC+ZHlOPX7P11XB7az3jlbd++GZy2iAZJohCAQA0EfJGoYRxjjuERY3ZWSF++HWhRi90NRe2hOvlh2cdlFjOLmsXNIncX5bUFr9y8WeTFOnk32X1kfYNF05+z+ZtH7te3MepDAAL5EUDYNpsTrxaakrduIhx3CJiNdxTuJIL/nB+u1I7WuU2EyZ+pnamyFjzfUvwZxV8g89Z+HZIE+3Z9kpZopHYCjK9AAgjbZpP2qaCY3+0HydlGvRrzKs2392II/pwr5nS2Cnlno1dhFyruz9BeouNvyI6Xeeu+27qD4ifJ3iEjQAACENiaAMK2GbL42+RP2KxadaUs8F7tWNCWvXYsTt6ZGA/+08o4RuZV2LE6emPIc3T8G9l5Mn5JQRAIEIBAfwLLLk79W+7ZQmbV3xX58/IoXXuyEbMf00AtXDrsFyx2y87tV7jADI+vQLdxGQLzI4CwbT7n4TdW/Pjm1Yotebk8bwRtlWD5gu+yU76WfBvTOxzti3c/nijfUwffQk3dJu1BAAIDEJjyYjTAcAZt8hNB6+GmiCC7mqhF3J91rRM0n/dr6IiJR+6dqn5MwG7cSv9512XwmIZy+ofz+zdBCxCAwBgEfFEao58a+jglGkStn7NZ1OKNH83QvSLy6qwRtCZ/6uP75IB3U+qwE+zf3ypmf5+hY5dwTlTJuzSjLJIQgECOBBC2zWflbVHRmj5n84PPFgFbm6g532Lh18vUq7NoGnaSF+l/rzD9HY+KLoQXLaQ2T3in5ualKTkbAgw0fwK+UOXvZT4eejXTeFPT52z3agYVHb2lvxG06FSWSX8r/x9GnvmB7Chro6Qf4N6oIIUgAIG8CCBs282Ht7s3NWr/nM2iVuIY/bVc3vTSzJOFuYlvc+xab5s+KAsBCAxAoBxhG2DwHZp8dlSn1s/ZfFEvUdSa6bH/bfEmb9tjKJTb1qU8BCAwMgGEbTvgb4mK1/Q5WzQ0kgGBcGNKkE0UAhDIkQDCtv2shJ+zLfvy3u1bpcaYBNb19atRAX9DSpRFEgIQyJUAwrb9zITv3ku+XReO3Lsew/Tzw0SB8b63Iv88GvMZUZokBCCQMQGEbfvJuTSo0rY1PjhdTPQJkaddt8hHzRSbvH2xnuP4+AToMTsCCNv2U/LRoEq4Mgiyi4t6m3zodC3jCse0TZy/i21oURYCmRHgD3j7CfHXNW1fK/8a8c4/35603ZC/63gIAQhA4AcECha2Hwxi5FgsbA8fuf+hult2W/Vm6vCrMgIEIACBIgggbP2nqRZhM4lv+b8W+2HlzWXlxpcda7IJECiZAMLWbfZ8i66p+dNNpILjzTUGf75mU3QheOUW365cKFByYtf3V+n4QFkYTg0TxCEAgfwJIGzd5shfN9XU/NEmUtnx6y3jseBZ1I9rOVdD1lOiQbxX6T+QESAAgYIIIGzdJiv80UnfpuvWSt61PC4L2Tdb3Hy/8q6W1RTCB+89Lgv4gxzBILAdAUpPTQBh6zYD4Wqm67fHd+t5/FoeX5uIHSJXark1+VyNJd48w9+GoBAgUCIB/ni7zdpngmrxBTE4VU30UI3kRFkcvKLzysbn43MlpePP0X65JOfxFQIQWCRQk7AtjmzYVI0Paa8j9k4VaIRM0YVwlVIXy3IMFt5Vfh2sk940o8NO+ID+P0tGgAAECiWAsHWbuHd0q1ZFLb9mrmkZyVHKCzfVKJlFWCdsX4u8fHqUJgkBCBRGwBepwlzOwt1zIi9qepYtGlpr8pbKfaksDn495fa52+Wxk0H6PMVvIWuCBfuCnQT/QQACxRLwhahY5zNyfG7CZvSn6L+2W5NN3p/p/BTh56JOV31eZmFrintlx+/rNTQ4QqBgAghb98nzhbCpXdND2s2YNj36NdS2Svs9NdC2m1LZg4bXR6370YQoay/pTSMWN5vH4d2ReyeJQCARAZoZmYD/mEfuspruwueean1Ie9PJ8s7QT7UUnuKRgG1/cuZ4+W3TYfIQf23Zqyf3CAcgUCABhK37pF0fVPXDzEFyltGf0Kh9G1KHheA8r26/spA7XML9Ddf6sC2Hn/e5pyf7PwwCENiOQNXCth2KrUvP6SHtbeBYWCxkcZ3bKMO3LO+m45DB/TftxyugJj/nY8guHEvOPuMbBLIigLB1n47PBlV9Ky5Izj7q19VftFDwhfpS5Ye3cZVMFh4dtfQrUbqEZPwMnXdqluD3XH18mAbuN2x+Q3KF4ifLCBMT8AVoYheK7f7CwHNfsIMkURF4lsxc2kTMbwR8Ifh7lUkZXhc19qYo3SM5WtVYjP0A+Wid09HWBPwGzq9zVzxM/71C5p9/erOOfp3rQBibAMLWnfi53avOqqZ/7sZ/+BayeOBPVIbz/Y43xfNjB6i9GkL4Jdsez5y/EMDjz9m8Sov98+vwkcr0m7qP6TjnXdMa/vgBYevO/K1R1Tk+yxYhWJn0a+3zS0pY+O6tc43Itf2igE6vDW5nbaECCsSrtBMK8LkUF30r3K8zm+N9/X7ZmgZ+Uuf/S7bwxk1pwoAEfLEZsPlZNY2wrZ/uO6uIxccXFUVbg8/7uxtdxubV3K1bS67OdN3VJfI+G/pvJnl7W4Z3XkGFm5fCeNcRnKmK/h5VHXbCZfrf/eiwEJo3bm3f2LNQkER/AghbP4bhxYfbDZuz9OvuWBUP+SnZGnxR9/c5uuw6Cxu4NkwUGH9P5HP4eEl0iuQGBCw2Q33m9Zzd/v9bR3/zjW+//47i35DF4ZnK4MdrBWHI4AvMkO3n1XZ6b8Iv/Z37Q9rb0vXmG7/+LFw23360cG3bzrLy/j7LZedKyI8fGo+fcSthDLn46NdWm6jFn2V29de/9uHX8L3UQHO73V/PdiulnR//8gXfcCMwQwZfWIZsv/a2wz+M0n+TbOq58g+a+vXoC4F/OqaPyIW/lzf1uPr0Hz+H98E+jc2wrsXMt7J9azscvt+Q+nUWf5YZlkkZPyZqzK/zKItkSgIA7kczvNUQX4T6tTzv2sdp+H5t+uLTxe6q+kOHMdqPV2n3G6PTCvpoBM23H/36iYfkXYtx3phpfw43Zn+z68sXzHfgKgAACf9JREFUj9kNOuGA/bxK0xyfgTQkOKYkEK5c2y7SKfuqoS2LmW0Zqym+mDsWMn/9XA2ssx0Dwpbt1OAYBHYI+LPIncjuf9wZ2AXRcrCgebUWn/KbA6/SLHZTfGTg3cCxT4tpUkkJIGxJcdIYBJITiHfbesdd8k4qaLBN1BpB83XOn6tNNUz3P1Xfs+wX4LOcdgZdGIF4M4x3+RU2hMHc/T+1bAGLV2oWMl/ffFQRwpwIeOLnNN5orCQhUASBeDNMvMuviEEM5OSRS9r1rcclp0bNDn8FZNSO59wZwjbn2WfsJRGIv8KNlcjq2Qs3dq0umf7s76pJP2bgleThiofBeWGa+AAEELYBoNLkPAkMPGp/qW54UfTf7oMH7rOE5pftcpxqxeY3HKcJnDeq6LBfeNd+OWQkJ+A/juSN0iAEIDAIgadGrf5blJ5j0rscLSI2byAJGXjVFKaHjFvQ/MZj2TXV554hB06UEQYmsGwSBu6W5iEAgQ4E/kp1wou1L+b+PTBlE0TAO0YtIIruBPMZeqON58N9LruW+mdt7IfP/+WOVxv9R6E+BAy7T33qQgAC4xKId/95FTCuB3n3Fl/Thtpo0wiaRSsm4nPOt3X5ZYq4PdJbEohfBFtWpzgEIDABgfgh7XdP4EPOXVpYQv98mzBM94m7ba/QLFpxOz7n/PjNR1yO9MAEELZFwKQgUAKB+Dsk418CKGEMQ/oYC4vFpm9/Fq1lgtbkx/327ZP6HQkgbB3BUQ0CExO4Mur/E1G6pqR/ENQ/5PtsDeo1sg/JvBvy/TouCxab5lwfYfPP0LittjaafK6jDelMjkxIJhOBGxUSGHZI8fNR/mLd84ftcuvW/Xtk91Ctn5edJPPngX+k4ytlr5O9U+afKPofHS+VfVHmzRbX6ujn0JpVks+9TXkvkT1Z5l85OERH/wrEyTq2BYtOmG8hDNObxC1qR7QUdNsWOq6fLXByyGJi+s3Cp4PqYTzIJgqBwQhcELX8QKWvko0RLCrPU0dnyT4sswj4Z5xCQfKq8hKd+1fZa2Xewek6fmzh8UqfIPtZ2dEyr8pur+NhsoNkfg7N4qHo0nCuzix7Liy+LWghtH+qslHweGJRQ9A2Qjd9IYRt+jnAAwh0JXBfVXyvLAx+rssX4DBv2/gmouXbgF59PU6N30dmEfCvlm8iSCq+VfDmD4v4P6rW82WPkR0l8+3JVbdg40029m+TldsX1LbHo8NecN6U18s9R4isJ8BErWdECQjkTOBBci4WN2Xts7jZvqzEHWRPkp0u8w5Kf3Gw869R2hd/C4fLNpZStNymH5z27xV6Nel+/ftkXsl9UP3/i+wNsr+W/ansFNkTZV7N3VPH28gslhbxJyj+x7I3yv5Xti54k811USGv3OxHlL2XtFDecS91Y+STOtxJRiiEAMJWyEThJgRWELC4WQwsInGx2ynjctnfyX5L5h2U/uJg5x+stB9q7nodcH8WLa+CvKL5iNr7J9nvyx4i861Et+0+fHvRtxl9u9G3HX370bchH6pyXvX9po7Plb1Udobsn2UXyb4m6xM8xljcvKr153dxux6DP6sM85139zCDeP4E/KLL38sJPaRrCBRCwGLgv+e+QhAONxYtr6xeoAL+LC8ULQuFVzS+JflYnX+R7D2yXEKbuNl/C/PZu05+Tsd4peY3BB6XThFKIuA/hJL8xVcIQGA1Ad+680XbFv+Om2t6peINHr4N6duCH1Omv3PStwK9w9ArKde1eaUVipZXVi9W+ffJSgtt4uYxPEr/+adlYgHzSi3+nE1FCSUQQNhKmCV8rITA6MPw77hZoELzbkF/zZQ3Uvi24E/JK2/H961Ab8P3Z1/KqjJY3N7eMrL40Ql/v2QsdC3VyMqVAMKW68zgFwQgMASBX1SjFnrfhlS0NRzYmktmMQQQtmKmCkchAIGEBHzta9sd+dWEfQzaFI0vJ+DJXX6WMxCAAATqJeBdml69hXbbeoc7n5EhbPOZa0YKAQhAYBYEELZtp5nyEIAABCCQNQGErd/0nBdUD+NBNlEIQAACEBiTAMI2Jm36gsAiAVIQgMAABBC2AaDSJAQgAAEITEcAYZuOPT1DAAIQSEeAlvYIIGx7KIhAAAIQgEANBBC2GmaRMUAAAhCAwB4BhG0PRdcI9SAAAQhAICcCCFu/2ThV1b3N3+a4kgQIQAACEJiSAMLWn75/uNHWvyVamD0BAEAAAv0JIGz9GdICBCAAAQhkRABhy2gycAUCEIBAOgLzbQlhm+/cM3IIQAACVRJA2KqcVgYFAQhAYL4EELb0c0+LEIAABCAwIQGEbUL4dA0BCEAAAukJIGzpmdIiBNIRoCUIQGBrAgjb1sioAAEIQAACORNA2HKeHXyDAAQgkI7AbFpC2GYz1QwUAhCAwDwIIGzzmGdGCQEIQGA2BBC2EaaaLiAAAQhAYDwCCNt4rOkJAhCAAARGIICwjQCZLiCQjgAtQQAC6wggbOsIcR4CEIAABIoigLAVNV04CwEIQCAdgVpbQthqnVnGBQEIQGCmBBC2mU48w4YABCBQKwGEbYqZpU8IQAACEBiMAMI2GFoahgAEIACBKQggbFNQp08IpCNASxCAQEQAYYuAkIQABCAAgbIJIGxlzx/eQwACEEhHoJKWELZKJpJhQAACEIDAjQQQths58D8EIAABCFRCAGHLYiJxAgIQgAAEUhFA2FKRpB0IQAACEMiCAMKWxTTgBATSEaAlCMydAMI291cA44cABCBQGQGErbIJZTgQgAAE0hEosyWErcx5w2sIQAACEFhCAGFbAoZsCEAAAhAokwDClue84RUEIAABCHQkgLB1BEc1CEAAAhDIkwDClue84BUE0hGgJQjMjADCNrMJZ7gQgAAEaieAsNU+w4wPAhCAQDoCRbSEsBUxTTgJAQhAAAKbEkDYNiVFOQhAAAIQKIIAwlbENO3bh5sQgAAEILAZAYRtM06UggAEIACBQgggbIVMFG5CIB0BWoJA3QQQtrrnl9FBAAIQmB0BhG12U86AIQABCKQjkGNLCFuOs4JPEIAABCDQmQDC1hkdFSEAAQhAIEcCCFuOs7KJT5SBAAQgAIFWAghbKxYyIQABCECgVAIIW6kzh98QSEeAliBQFQGErarpZDAQgAAEIICw8RqAAAQgAIF0BDJoCWHLYBJwAQIQgAAE0hFA2NKxpCUIQAACEMiAAMKWwSSkcYFWIAABCEDABBA2U8AgAAEIQKAaAghbNVPJQCCQjgAtQaBkAghbybOH7xCAAAQgsB8BhG0/JGRAAAIQgEA6AuO3hLCNz5weIQABCEBgQAII24BwaRoCEIAABMYngLCNz3ysHukHAhCAwCwJIGyznHYGDQEIQKBeAghbvXPLyCCQjgAtQaAgAghbQZOFqxCAAAQgsJ7A9wEAAP//oQPNgQAAAAZJREFUAwCZtfOvzEf1vAAAAABJRU5ErkJggg==', 'local', NULL, 'f');
INSERT INTO users ("id", "name", "email", "password", "role", "created_at", "signature_data", "provider", "azure_id", "email_verified")
  VALUES ('1f76f189-3d6d-4d5a-a573-c4489fe83ce9', 'Yasser Abu Mustafa', 'yasser.abumustafa@sos-palestine.org', '$2b$10$jBrcohCu0vttffokoIr34eEt.OzpoNqcbWZl5nCv5BlYOpVvjaJVS', 'user', '2026-06-17 09:00:33.527197', NULL, 'local', NULL, 'f');
INSERT INTO users ("id", "name", "email", "password", "role", "created_at", "signature_data", "provider", "azure_id", "email_verified")
  VALUES ('16bb5861-ac32-4f41-a71b-bb366938834b', 'Majd Zomot', 'Majd.Zomot@sos-palestine.org', '$2b$10$SUjn.nLhl1HfUEWEV3AWJu0D4e2MQW1mrLJSz0NHIMpqKYDu3tqde', 'user', '2026-06-20 11:22:13.064537', NULL, 'local', NULL, 'f');

-- DOCUMENTS
INSERT INTO documents ("id", "title", "filename", "filepath", "uploaded_by", "uploader_name", "signing_order", "status", "created_at", "completed_at", "sealed_pdf_path", "sealed_pdf_hash")
  VALUES ('961a1c70-c188-4d34-989d-8824d0928d92', 'Adobe', 'Adobe.pdf', 'gcs://replit-objstore-0a0473d9-4fd3-4e2b-bf79-2f558b2e47f5/documents/ca5fbb27-0240-4529-b111-370e35d793d7.pdf', '51835e7d-a888-4228-9ddc-57ee83a91fd3', 'roni Hihi', 'simultaneous', 'completed', '2026-05-06 18:39:51.476163', '2026-05-06 18:40:29.352', NULL, NULL);
INSERT INTO documents ("id", "title", "filename", "filepath", "uploaded_by", "uploader_name", "signing_order", "status", "created_at", "completed_at", "sealed_pdf_path", "sealed_pdf_hash")
  VALUES ('c4177b42-d154-4ed5-9a32-2b50fb86efef', '3cx upgarde', '3cx upgarde.pdf', 'gcs://replit-objstore-0a0473d9-4fd3-4e2b-bf79-2f558b2e47f5/documents/56e2c043-f356-4a3e-81cf-ea7ad4b81db1.pdf', '51835e7d-a888-4228-9ddc-57ee83a91fd3', 'roni Hihi', 'simultaneous', 'completed', '2026-05-06 18:40:58.540091', '2026-05-06 18:41:38.216', NULL, NULL);
INSERT INTO documents ("id", "title", "filename", "filepath", "uploaded_by", "uploader_name", "signing_order", "status", "created_at", "completed_at", "sealed_pdf_path", "sealed_pdf_hash")
  VALUES ('f2491ef8-def5-484b-9a46-7cf18f83f93f', 'Sign', 'Sign.pdf', 'gcs://replit-objstore-0a0473d9-4fd3-4e2b-bf79-2f558b2e47f5/documents/7ecc1462-c191-4453-b201-c5ee50166b03.pdf', '5d46bdd3-4fa6-45be-b6e4-9ffc92f76516', 'Yasser', 'sequential', 'sent', '2026-05-07 05:30:06.423709', NULL, NULL, NULL);
INSERT INTO documents ("id", "title", "filename", "filepath", "uploaded_by", "uploader_name", "signing_order", "status", "created_at", "completed_at", "sealed_pdf_path", "sealed_pdf_hash")
  VALUES ('f61d98cd-929a-44cc-a47f-14eb00995c36', '3cx 2023 offer', '3cx 2023 offer.pdf', 'gcs://replit-objstore-0a0473d9-4fd3-4e2b-bf79-2f558b2e47f5/documents/b227ad03-22aa-4dfb-949f-e8fd9cc46505.pdf', '51835e7d-a888-4228-9ddc-57ee83a91fd3', 'roni Hihi', 'simultaneous', 'completed', '2026-05-07 05:48:40.640289', '2026-05-07 05:49:40.029', NULL, NULL);
INSERT INTO documents ("id", "title", "filename", "filepath", "uploaded_by", "uploader_name", "signing_order", "status", "created_at", "completed_at", "sealed_pdf_path", "sealed_pdf_hash")
  VALUES ('54c993f7-50eb-480d-b61c-23262750b8ca', 'azure477', 'azure477.pdf', 'gcs://replit-objstore-0a0473d9-4fd3-4e2b-bf79-2f558b2e47f5/documents/beebcd02-4fea-4e44-9657-0fba6d46058a.pdf', '457b6371-a27a-42eb-94e0-b01ae36f951d', 'Tala', 'simultaneous', 'completed', '2026-05-20 10:26:24.628968', '2026-05-20 10:27:52.145', NULL, NULL);
INSERT INTO documents ("id", "title", "filename", "filepath", "uploaded_by", "uploader_name", "signing_order", "status", "created_at", "completed_at", "sealed_pdf_path", "sealed_pdf_hash")
  VALUES ('23911075-ef90-4943-8c52-36fb15ea99d2', 'تقييم لرحلات ترفيهية - برنامج بيت لحم', 'تقييم لرحلات ترفيهية - برنامج بيت لحم.pdf', 'gcs://replit-objstore-0a0473d9-4fd3-4e2b-bf79-2f558b2e47f5/documents/d9b58dd3-fa26-4708-952b-3d16cd19dee7.pdf', '457b6371-a27a-42eb-94e0-b01ae36f951d', 'Tala', 'simultaneous', 'sent', '2026-05-20 10:44:24.492433', NULL, NULL, NULL);
INSERT INTO documents ("id", "title", "filename", "filepath", "uploaded_by", "uploader_name", "signing_order", "status", "created_at", "completed_at", "sealed_pdf_path", "sealed_pdf_hash")
  VALUES ('04317e10-2434-4b53-a0d2-29e5009502a5', 'تقييم وترسية توريد قرطاسية', 'تقييم وترسية توريد قرطاسية.PDF', 'gcs://replit-objstore-0a0473d9-4fd3-4e2b-bf79-2f558b2e47f5/documents/8226779e-a7ee-4640-9018-0b1f7883e3b7.pdf', '457b6371-a27a-42eb-94e0-b01ae36f951d', 'Tala', 'simultaneous', 'completed', '2026-06-08 08:45:37.07623', '2026-06-08 13:27:11.871', NULL, NULL);
INSERT INTO documents ("id", "title", "filename", "filepath", "uploaded_by", "uploader_name", "signing_order", "status", "created_at", "completed_at", "sealed_pdf_path", "sealed_pdf_hash")
  VALUES ('a42d4e3a-3d8d-4e63-956a-0fd6825553d7', 'تقييم وترسية توريد خزانات مياه', 'تقييم وترسية توريد خزانات مياه.pdf', 'gcs://replit-objstore-0a0473d9-4fd3-4e2b-bf79-2f558b2e47f5/documents/1ad7efee-1c44-4ad7-b718-688e141e499b.pdf', '457b6371-a27a-42eb-94e0-b01ae36f951d', 'Tala', 'simultaneous', 'completed', '2026-06-08 08:49:48.907918', '2026-06-08 13:00:56.378', NULL, NULL);
INSERT INTO documents ("id", "title", "filename", "filepath", "uploaded_by", "uploader_name", "signing_order", "status", "created_at", "completed_at", "sealed_pdf_path", "sealed_pdf_hash")
  VALUES ('6f8c7c0a-ccdb-4b98-9df5-adb11e0a843c', 'تقييم تشطيب الغرفة الحسية', 'تقييم تشطيب الغرفة الحسية.pdf', 'gcs://replit-objstore-0a0473d9-4fd3-4e2b-bf79-2f558b2e47f5/documents/4eab5818-0a8f-461d-8185-038a5e1b7beb.pdf', '457b6371-a27a-42eb-94e0-b01ae36f951d', 'Tala', 'simultaneous', 'sent', '2026-06-08 09:14:42.026332', NULL, NULL, NULL);
INSERT INTO documents ("id", "title", "filename", "filepath", "uploaded_by", "uploader_name", "signing_order", "status", "created_at", "completed_at", "sealed_pdf_path", "sealed_pdf_hash")
  VALUES ('9d2474fc-a928-4df6-9e19-12303ed69d4e', 'تقييم تشطيب الغرفة الحسية', 'تقييم تشطيب الغرفة الحسية.pdf', 'gcs://replit-objstore-0a0473d9-4fd3-4e2b-bf79-2f558b2e47f5/documents/4bf7d161-4ec0-4f1f-9a15-b6c22cdc96ff.pdf', '457b6371-a27a-42eb-94e0-b01ae36f951d', 'Tala', 'simultaneous', 'sent', '2026-06-09 05:27:24.946059', NULL, NULL, NULL);
INSERT INTO documents ("id", "title", "filename", "filepath", "uploaded_by", "uploader_name", "signing_order", "status", "created_at", "completed_at", "sealed_pdf_path", "sealed_pdf_hash")
  VALUES ('8bd2236a-1a32-4d03-919a-15b93e499600', 'تقييم وترسية توريد خزانات مياه', 'تقييم وترسية توريد خزانات مياه.pdf', 'gcs://replit-objstore-0a0473d9-4fd3-4e2b-bf79-2f558b2e47f5/documents/08c2d931-c2af-4a52-b92d-fdd622ed5d97.pdf', '457b6371-a27a-42eb-94e0-b01ae36f951d', 'Tala', 'simultaneous', 'completed', '2026-06-09 05:33:42.778144', '2026-06-09 06:41:32.664', NULL, NULL);
INSERT INTO documents ("id", "title", "filename", "filepath", "uploaded_by", "uploader_name", "signing_order", "status", "created_at", "completed_at", "sealed_pdf_path", "sealed_pdf_hash")
  VALUES ('b147d0e6-6775-49da-a644-cce2754c2ef1', 'تقييم وترسية توريد قرطاسية', 'تقييم وترسية توريد قرطاسية.PDF', 'gcs://replit-objstore-0a0473d9-4fd3-4e2b-bf79-2f558b2e47f5/documents/5f8dc17e-36e3-4b7d-9947-634707c36fd9.pdf', '457b6371-a27a-42eb-94e0-b01ae36f951d', 'Tala', 'simultaneous', 'completed', '2026-06-09 05:35:00.043205', '2026-06-09 06:40:54.009', NULL, NULL);
INSERT INTO documents ("id", "title", "filename", "filepath", "uploaded_by", "uploader_name", "signing_order", "status", "created_at", "completed_at", "sealed_pdf_path", "sealed_pdf_hash")
  VALUES ('07abacdb-6f7f-4a7b-b29e-a2d92262d7dd', 'تقييم الغرفة الحسية', 'تقييم الغرفة الحسية.pdf', 'gcs://replit-objstore-0a0473d9-4fd3-4e2b-bf79-2f558b2e47f5/documents/ba77cdd3-d721-4290-af94-8428fc6afef4.pdf', '457b6371-a27a-42eb-94e0-b01ae36f951d', 'Tala', 'simultaneous', 'completed', '2026-06-09 11:55:55.480017', '2026-06-09 12:19:21.411', NULL, NULL);
INSERT INTO documents ("id", "title", "filename", "filepath", "uploaded_by", "uploader_name", "signing_order", "status", "created_at", "completed_at", "sealed_pdf_path", "sealed_pdf_hash")
  VALUES ('90575046-0f5c-4954-984b-2081bdc466dc', 'Renewal of the currunt land lease agreement', 'Renewal of the currunt land lease agreement.pdf', 'gcs://replit-objstore-0a0473d9-4fd3-4e2b-bf79-2f558b2e47f5/documents/d5025612-3e53-4690-8563-76d10f58d480.pdf', '5d46bdd3-4fa6-45be-b6e4-9ffc92f76516', 'Yasser', 'simultaneous', 'sent', '2026-06-11 05:32:45.409085', NULL, NULL, NULL);
INSERT INTO documents ("id", "title", "filename", "filepath", "uploaded_by", "uploader_name", "signing_order", "status", "created_at", "completed_at", "sealed_pdf_path", "sealed_pdf_hash")
  VALUES ('bd384669-d4f6-4653-98f3-1c5896704d2e', 'Revised RACI Framework 2026-SOS Palestine', '20260610_Revised RACI Framework 2026-Final.pdf', 'gcs://replit-objstore-0a0473d9-4fd3-4e2b-bf79-2f558b2e47f5/documents/c9238162-cc65-4f70-9f79-67446c2e56c9.pdf', '5d46bdd3-4fa6-45be-b6e4-9ffc92f76516', 'Yasser', 'simultaneous', 'completed', '2026-06-11 06:14:57.132225', '2026-06-11 10:34:21.125', NULL, NULL);
INSERT INTO documents ("id", "title", "filename", "filepath", "uploaded_by", "uploader_name", "signing_order", "status", "created_at", "completed_at", "sealed_pdf_path", "sealed_pdf_hash")
  VALUES ('691beafa-5239-4c83-9cc6-b55ca33b614f', 'IT-Services-Payment-Explanation (1)', 'IT-Services-Payment-Explanation (1).pdf', 'gcs://replit-objstore-0a0473d9-4fd3-4e2b-bf79-2f558b2e47f5/documents/536d04c2-d687-41e2-b947-68a966f411d6.pdf', '48b798c2-531f-4d0e-8b34-9ea474f12387', 'Roni', 'simultaneous', 'completed', '2026-06-11 11:05:30.666042', '2026-06-11 11:06:38.063', NULL, NULL);
INSERT INTO documents ("id", "title", "filename", "filepath", "uploaded_by", "uploader_name", "signing_order", "status", "created_at", "completed_at", "sealed_pdf_path", "sealed_pdf_hash")
  VALUES ('a20eff57-10a0-438a-8ff6-548a9edbb672', 'azure477', 'azure477.pdf', 'gcs://replit-objstore-0a0473d9-4fd3-4e2b-bf79-2f558b2e47f5/documents/85e911f9-bc54-4d38-b1b0-d0dfd4018fe6.pdf', '48b798c2-531f-4d0e-8b34-9ea474f12387', 'Roni', 'simultaneous', 'completed', '2026-06-11 11:24:04.930167', '2026-06-11 11:26:11.815', NULL, NULL);
INSERT INTO documents ("id", "title", "filename", "filepath", "uploaded_by", "uploader_name", "signing_order", "status", "created_at", "completed_at", "sealed_pdf_path", "sealed_pdf_hash")
  VALUES ('6d270c01-6ec4-4922-8ca4-7d334af98fd9', 'تقييم وترسية توريد حقائب مستلزمات ترفيهية', 'تقييم وترسية توريد حقائب مستلزمات ترفيهية.pdf', 'gcs://replit-objstore-0a0473d9-4fd3-4e2b-bf79-2f558b2e47f5/documents/9c77d737-8785-4765-866d-2ed0f8f2499a.pdf', '457b6371-a27a-42eb-94e0-b01ae36f951d', 'Tala', 'simultaneous', 'completed', '2026-06-13 06:41:10.72769', '2026-06-23 10:11:10.771', 'gcs://replit-objstore-0a0473d9-4fd3-4e2b-bf79-2f558b2e47f5/sealed/6d270c01-6ec4-4922-8ca4-7d334af98fd9.pdf', '46695770823990d35709a9d6b504b1f13da74928e23a46d1503f6f8921247e97');
INSERT INTO documents ("id", "title", "filename", "filepath", "uploaded_by", "uploader_name", "signing_order", "status", "created_at", "completed_at", "sealed_pdf_path", "sealed_pdf_hash")
  VALUES ('3ef2254f-e5ec-4f14-b9f6-a729b88be5bc', 'Roni_9.6.2026', 'azure477 (2).pdf', 'gcs://replit-objstore-0a0473d9-4fd3-4e2b-bf79-2f558b2e47f5/documents/d4e3947d-2125-4cab-9b25-e4246eb3adf9.pdf', '48b798c2-531f-4d0e-8b34-9ea474f12387', 'Roni', 'simultaneous', 'completed', '2026-06-13 06:53:31.530063', '2026-06-13 06:54:13.94', NULL, NULL);
INSERT INTO documents ("id", "title", "filename", "filepath", "uploaded_by", "uploader_name", "signing_order", "status", "created_at", "completed_at", "sealed_pdf_path", "sealed_pdf_hash")
  VALUES ('4276d9f9-7eb6-4fe7-8f12-cead2a6ec490', '6 NMT_  8 June 2026', '6 NMT_  8 June 2026.pdf', 'gcs://replit-objstore-0a0473d9-4fd3-4e2b-bf79-2f558b2e47f5/documents/db102340-b94e-4cde-90f7-90f50e244ac1.pdf', '457b6371-a27a-42eb-94e0-b01ae36f951d', 'Tala', 'simultaneous', 'completed', '2026-06-13 09:09:16.580186', '2026-06-13 11:17:27.084', NULL, NULL);
INSERT INTO documents ("id", "title", "filename", "filepath", "uploaded_by", "uploader_name", "signing_order", "status", "created_at", "completed_at", "sealed_pdf_path", "sealed_pdf_hash")
  VALUES ('4ff1d568-8588-4f93-a739-812def1a69d5', '6 NMT_  8 June 2026', '6 NMT_  8 June 2026.pdf', 'gcs://replit-objstore-0a0473d9-4fd3-4e2b-bf79-2f558b2e47f5/documents/b3ca1778-97c8-42a2-8685-14b0b900a7eb.pdf', '457b6371-a27a-42eb-94e0-b01ae36f951d', 'Tala', 'simultaneous', 'sent', '2026-06-13 09:11:12.177034', NULL, NULL, NULL);
INSERT INTO documents ("id", "title", "filename", "filepath", "uploaded_by", "uploader_name", "signing_order", "status", "created_at", "completed_at", "sealed_pdf_path", "sealed_pdf_hash")
  VALUES ('f9b87f7e-6a12-4fb0-9e9e-c8bfa7762823', 'CMT 1 June 2026', 'CMT 1 June 2026.pdf', 'gcs://replit-objstore-0a0473d9-4fd3-4e2b-bf79-2f558b2e47f5/documents/e5521e5d-5c4b-46ae-b3d2-a194f03bb827.pdf', '457b6371-a27a-42eb-94e0-b01ae36f951d', 'Tala', 'simultaneous', 'sent', '2026-06-13 09:33:07.244658', NULL, NULL, NULL);
INSERT INTO documents ("id", "title", "filename", "filepath", "uploaded_by", "uploader_name", "signing_order", "status", "created_at", "completed_at", "sealed_pdf_path", "sealed_pdf_hash")
  VALUES ('6e2f0970-cdd8-4634-b152-ef5764305f12', '_ملحق تقرير تقييم عروض الموردين لفروش الغاز 001', '_ملحق تقرير تقييم عروض الموردين لفروش الغاز 001.pdf', 'gcs://replit-objstore-0a0473d9-4fd3-4e2b-bf79-2f558b2e47f5/documents/ed3cf10c-57c9-4c48-9600-03687ef6c184.pdf', '457b6371-a27a-42eb-94e0-b01ae36f951d', 'Tala', 'simultaneous', 'completed', '2026-06-15 05:53:54.919871', '2026-06-20 12:08:06.449', NULL, NULL);
INSERT INTO documents ("id", "title", "filename", "filepath", "uploaded_by", "uploader_name", "signing_order", "status", "created_at", "completed_at", "sealed_pdf_path", "sealed_pdf_hash")
  VALUES ('73efc357-ce83-4553-81be-c77355fb79d3', 'مذكرة توريد فروش غاز', 'مذكرة توريد فروش غاز.PDF', 'gcs://replit-objstore-0a0473d9-4fd3-4e2b-bf79-2f558b2e47f5/documents/1493daaf-5be3-416d-a0ea-af3c18e52273.pdf', '457b6371-a27a-42eb-94e0-b01ae36f951d', 'Tala', 'simultaneous', 'completed', '2026-06-15 07:14:12.045108', '2026-06-20 12:07:16.849', NULL, NULL);
INSERT INTO documents ("id", "title", "filename", "filepath", "uploaded_by", "uploader_name", "signing_order", "status", "created_at", "completed_at", "sealed_pdf_path", "sealed_pdf_hash")
  VALUES ('e84e1417-6809-406b-9bb6-ace6cbb6d466', 'Bid_Evaluation_Report_TOR_08_2026_Final', 'Bid_Evaluation_Report_TOR_08_2026_Final.pdf', 'gcs://replit-objstore-0a0473d9-4fd3-4e2b-bf79-2f558b2e47f5/documents/7fd11df9-362d-4046-bb93-94130127d6e4.pdf', '457b6371-a27a-42eb-94e0-b01ae36f951d', 'Tala', 'simultaneous', 'sent', '2026-06-15 10:05:36.768806', NULL, NULL, NULL);
INSERT INTO documents ("id", "title", "filename", "filepath", "uploaded_by", "uploader_name", "signing_order", "status", "created_at", "completed_at", "sealed_pdf_path", "sealed_pdf_hash")
  VALUES ('e498e888-4179-407f-bbb2-82eb78995b7a', 'تقرير_تقييم_مكتب_الشمال_نهائي', 'تقرير_تقييم_مكتب_الشمال_نهائي.pdf', 'gcs://replit-objstore-0a0473d9-4fd3-4e2b-bf79-2f558b2e47f5/documents/8da50cc9-e6e1-400c-a88d-6c5e3ed31bde.pdf', '457b6371-a27a-42eb-94e0-b01ae36f951d', 'Tala', 'simultaneous', 'sent', '2026-06-17 05:56:30.089882', NULL, NULL, NULL);
INSERT INTO documents ("id", "title", "filename", "filepath", "uploaded_by", "uploader_name", "signing_order", "status", "created_at", "completed_at", "sealed_pdf_path", "sealed_pdf_hash")
  VALUES ('b847cae0-2c2e-4665-9c4f-b47129854f24', 'Business Facilitation Services for Vulnerable Families', 'Business Facilitation Services for Vulnerable Families.pdf', 'gcs://replit-objstore-0a0473d9-4fd3-4e2b-bf79-2f558b2e47f5/documents/859138b6-231f-4584-9b8c-2f2b8782d1d2.pdf', '457b6371-a27a-42eb-94e0-b01ae36f951d', 'Tala', 'simultaneous', 'sent', '2026-06-17 05:58:23.085752', NULL, NULL, NULL);
INSERT INTO documents ("id", "title", "filename", "filepath", "uploaded_by", "uploader_name", "signing_order", "status", "created_at", "completed_at", "sealed_pdf_path", "sealed_pdf_hash")
  VALUES ('884e7d3e-71ab-4052-b614-40e975f3ca2a', 'تقرير_تقييم_مكتب_البرامج_محدث - الخليل', 'تقرير_تقييم_مكتب_البرامج_محدث - الخليل.pdf', 'gcs://replit-objstore-0a0473d9-4fd3-4e2b-bf79-2f558b2e47f5/documents/84623562-10ce-463a-8f46-5dd85fea97e1.pdf', '457b6371-a27a-42eb-94e0-b01ae36f951d', 'Tala', 'simultaneous', 'sent', '2026-06-17 07:02:26.864558', NULL, NULL, NULL);
INSERT INTO documents ("id", "title", "filename", "filepath", "uploaded_by", "uploader_name", "signing_order", "status", "created_at", "completed_at", "sealed_pdf_path", "sealed_pdf_hash")
  VALUES ('f1aa57b2-36f8-4fee-9293-8af26ee7982a', 'Bid_Evaluation_Media and communication-1562026', 'Bid_Evaluation_Media and communication-1562026.pdf', 'gcs://replit-objstore-0a0473d9-4fd3-4e2b-bf79-2f558b2e47f5/documents/63514a78-e4a1-4ef0-9901-10debec20dd2.pdf', '457b6371-a27a-42eb-94e0-b01ae36f951d', 'Tala', 'simultaneous', 'sent', '2026-06-18 07:52:29.126367', NULL, NULL, NULL);
INSERT INTO documents ("id", "title", "filename", "filepath", "uploaded_by", "uploader_name", "signing_order", "status", "created_at", "completed_at", "sealed_pdf_path", "sealed_pdf_hash")
  VALUES ('b4937dcb-c66e-4763-9f2b-6a466bc5e0f5', 'Bid_Evaluation_Media_Final', 'Bid_Evaluation_Media_Final.pdf', 'gcs://replit-objstore-0a0473d9-4fd3-4e2b-bf79-2f558b2e47f5/documents/7b01436b-1610-4a55-836c-e06890fa011d.pdf', '457b6371-a27a-42eb-94e0-b01ae36f951d', 'Tala', 'simultaneous', 'sent', '2026-06-20 05:23:06.491156', NULL, NULL, NULL);
INSERT INTO documents ("id", "title", "filename", "filepath", "uploaded_by", "uploader_name", "signing_order", "status", "created_at", "completed_at", "sealed_pdf_path", "sealed_pdf_hash")
  VALUES ('701bd846-eb49-4847-8913-97fe2503b174', 'تقييم وترسية توريد سولار', 'تقييم وترسية توريد سولار.PDF', 'gcs://replit-objstore-0a0473d9-4fd3-4e2b-bf79-2f558b2e47f5/documents/a40ed807-9ac0-40ab-a487-2fcb41baa10b.pdf', '457b6371-a27a-42eb-94e0-b01ae36f951d', 'Tala', 'simultaneous', 'completed', '2026-06-20 05:32:18.983893', '2026-06-23 10:46:26.992', 'gcs://replit-objstore-0a0473d9-4fd3-4e2b-bf79-2f558b2e47f5/sealed/701bd846-eb49-4847-8913-97fe2503b174.pdf', '975a033ae6a0ccaea8b1dbe4fb741b110625e2e545dc8931020398045f022b55');
INSERT INTO documents ("id", "title", "filename", "filepath", "uploaded_by", "uploader_name", "signing_order", "status", "created_at", "completed_at", "sealed_pdf_path", "sealed_pdf_hash")
  VALUES ('c152fefc-1d13-40f6-900f-2eb55c105185', 'تقييم وترسية توريد أثاث مكتبي وسراير', 'تقييم وترسية توريد أثاث مكتبي وسراير.pdf', 'gcs://replit-objstore-0a0473d9-4fd3-4e2b-bf79-2f558b2e47f5/documents/21a91166-85cb-4886-86c1-4fbe19c4c397.pdf', '457b6371-a27a-42eb-94e0-b01ae36f951d', 'Tala', 'simultaneous', 'completed', '2026-06-20 06:08:08.415935', '2026-06-23 10:47:21.19', 'gcs://replit-objstore-0a0473d9-4fd3-4e2b-bf79-2f558b2e47f5/sealed/c152fefc-1d13-40f6-900f-2eb55c105185.pdf', '39c808cabaa382753258a6b0c17db17e19747885e5b8fd580b6cad6bdbe93912');
INSERT INTO documents ("id", "title", "filename", "filepath", "uploaded_by", "uploader_name", "signing_order", "status", "created_at", "completed_at", "sealed_pdf_path", "sealed_pdf_hash")
  VALUES ('0537567c-3a56-419c-bc29-2f54fce53c5e', 'تقييم الدورات موقع', 'تقييم الدورات موقع.pdf', 'gcs://replit-objstore-0a0473d9-4fd3-4e2b-bf79-2f558b2e47f5/documents/ab5fc5fb-306b-4afb-9d1a-f80fa22807a4.pdf', '457b6371-a27a-42eb-94e0-b01ae36f951d', 'Tala', 'simultaneous', 'sent', '2026-06-20 06:35:33.323113', NULL, NULL, NULL);
INSERT INTO documents ("id", "title", "filename", "filepath", "uploaded_by", "uploader_name", "signing_order", "status", "created_at", "completed_at", "sealed_pdf_path", "sealed_pdf_hash")
  VALUES ('a61562c9-4e47-4b99-8fc2-3d27e76afe12', 'National Youth Strategy- Palestine 2026 final draft ', 'National Youth Strategy- Palestine 2026 final draft .pdf', 'gcs://replit-objstore-0a0473d9-4fd3-4e2b-bf79-2f558b2e47f5/documents/242a833d-46a2-4a12-9b3e-db27325b35a3.pdf', '457b6371-a27a-42eb-94e0-b01ae36f951d', 'Tala', 'simultaneous', 'sent', '2026-06-20 06:48:58.420472', NULL, NULL, NULL);
INSERT INTO documents ("id", "title", "filename", "filepath", "uploaded_by", "uploader_name", "signing_order", "status", "created_at", "completed_at", "sealed_pdf_path", "sealed_pdf_hash")
  VALUES ('91ce1828-c473-46ad-a79a-b50fedcadf36', 'downsizing concept final updated', 'downsizing concept final updated.pdf', 'gcs://replit-objstore-0a0473d9-4fd3-4e2b-bf79-2f558b2e47f5/documents/5c66ed28-4614-4ad1-9d61-ff63b130e767.pdf', '457b6371-a27a-42eb-94e0-b01ae36f951d', 'Tala', 'simultaneous', 'sent', '2026-06-20 06:59:17.65014', NULL, NULL, NULL);
INSERT INTO documents ("id", "title", "filename", "filepath", "uploaded_by", "uploader_name", "signing_order", "status", "created_at", "completed_at", "sealed_pdf_path", "sealed_pdf_hash")
  VALUES ('4bbd49fb-8a47-447f-8cf2-426f9179e451', 'تقرير تقييم وانتقاء مزودي الخدمة التدريبية', 'تقرير تقييم وانتقاء مزودي الخدمة التدريبية.pdf', 'gcs://replit-objstore-0a0473d9-4fd3-4e2b-bf79-2f558b2e47f5/documents/dafc022d-57db-44ea-a927-34eacf0323f7.pdf', '457b6371-a27a-42eb-94e0-b01ae36f951d', 'Tala', 'sequential', 'draft', '2026-06-20 12:26:01.2398', NULL, NULL, NULL);
INSERT INTO documents ("id", "title", "filename", "filepath", "uploaded_by", "uploader_name", "signing_order", "status", "created_at", "completed_at", "sealed_pdf_path", "sealed_pdf_hash")
  VALUES ('c061ebac-6cb0-4a8c-aefb-19069cf80dc8', 'Training Service Providers Evaluation and Selection Report', 'Training Service Providers Evaluation and Selection Report.pdf', 'gcs://replit-objstore-0a0473d9-4fd3-4e2b-bf79-2f558b2e47f5/documents/d8069ecb-b02f-4877-9cf0-ec25b113de11.pdf', '457b6371-a27a-42eb-94e0-b01ae36f951d', 'Tala', 'sequential', 'sent', '2026-06-22 07:16:54.432596', NULL, NULL, NULL);
INSERT INTO documents ("id", "title", "filename", "filepath", "uploaded_by", "uploader_name", "signing_order", "status", "created_at", "completed_at", "sealed_pdf_path", "sealed_pdf_hash")
  VALUES ('8de1bfdb-cbd2-49fe-ad80-d8d4903226e5', 'CMT 15.6.2026', 'CMT 15.6.2026.pdf', 'gcs://replit-objstore-0a0473d9-4fd3-4e2b-bf79-2f558b2e47f5/documents/b0c7ff54-5351-4049-936d-8abe39e340f0.pdf', '457b6371-a27a-42eb-94e0-b01ae36f951d', 'Tala', 'simultaneous', 'sent', '2026-06-22 09:55:25.225622', NULL, NULL, NULL);
INSERT INTO documents ("id", "title", "filename", "filepath", "uploaded_by", "uploader_name", "signing_order", "status", "created_at", "completed_at", "sealed_pdf_path", "sealed_pdf_hash")
  VALUES ('d7da9536-31a5-4833-9cdb-cc433b281f41', '1', '_ØºØ²Ø©-ÙØªØ§Ø¨ Ø¨ÙÙ ÙÙØ³Ø·ÙÙ.pdf', 'gcs://replit-objstore-0a0473d9-4fd3-4e2b-bf79-2f558b2e47f5/documents/a4be823b-7500-4aca-bbcc-66ed3caa0a7a.pdf', '5d46bdd3-4fa6-45be-b6e4-9ffc92f76516', 'Yasser', 'sequential', 'draft', '2026-06-22 10:39:35.421321', NULL, NULL, NULL);
INSERT INTO documents ("id", "title", "filename", "filepath", "uploaded_by", "uploader_name", "signing_order", "status", "created_at", "completed_at", "sealed_pdf_path", "sealed_pdf_hash")
  VALUES ('21cec804-e8d2-449a-a4d3-0c1d2e8df4e6', 'تقييم اثاث مكتبي - المكتب الوطني ', 'ØªÙÙÙÙ Ø§Ø«Ø§Ø« ÙÙØªØ¨Ù - Ø§ÙÙÙØªØ¨ Ø§ÙÙØ·ÙÙ .pdf', 'gcs://replit-objstore-0a0473d9-4fd3-4e2b-bf79-2f558b2e47f5/documents/39d4a1f0-b7ba-4ea7-a510-98c662979589.pdf', '457b6371-a27a-42eb-94e0-b01ae36f951d', 'Tala', 'sequential', 'sent', '2026-06-23 06:16:39.305098', NULL, NULL, NULL);
INSERT INTO documents ("id", "title", "filename", "filepath", "uploaded_by", "uploader_name", "signing_order", "status", "created_at", "completed_at", "sealed_pdf_path", "sealed_pdf_hash")
  VALUES ('f886d08e-3338-44b4-aa7f-9bb952674f90', 'تقييم عروض الطباعة للمواد المكتبية واللافتات ', 'ØªÙÙÙÙ Ø¹Ø±ÙØ¶ Ø§ÙØ·Ø¨Ø§Ø¹Ø© ÙÙÙÙØ§Ø¯ Ø§ÙÙÙØªØ¨ÙØ© ÙØ§ÙÙØ§ÙØªØ§Øª .pdf', 'gcs://replit-objstore-0a0473d9-4fd3-4e2b-bf79-2f558b2e47f5/documents/c3848bc3-ae2c-4af4-8a79-aa4c4ef13a35.pdf', '457b6371-a27a-42eb-94e0-b01ae36f951d', 'Tala', 'sequential', 'sent', '2026-06-23 06:18:27.517434', NULL, NULL, NULL);

-- RECIPIENTS
-- recipients: no rows

-- SIGNATURE_FIELDS
-- signature_fields: no rows

-- DOCUMENT_EVENTS
INSERT INTO document_events ("id", "document_id", "recipient_id", "event_type", "actor_name", "actor_email", "metadata", "ip_address", "user_agent", "created_at")
  VALUES ('c17aa221-87bd-45bd-819c-1a93a51b4a0d', '8de1bfdb-cbd2-49fe-ad80-d8d4903226e5', 'ec2333dc-94fe-4570-b2d2-ca9f076b741a', 'signed', 'Reem', 'Reem.Alreqeb@sos-palestine.org', NULL, '212.14.248.165, 34.117.33.233, 35.191.79.129,35.189.242.87', 'Mozilla/5.0 (iPhone; CPU iPhone OS 26_5_0 like Mac OS X) AppleWebKit/605.1.15 (KHTML, like Gecko) EdgiOS/149.0.4022.68 Version/26.0 Mobile/15E148 Safari/604.1', '2026-06-22 11:00:43.677');
INSERT INTO document_events ("id", "document_id", "recipient_id", "event_type", "actor_name", "actor_email", "metadata", "ip_address", "user_agent", "created_at")
  VALUES ('59ceb998-cdde-46f7-9b29-3a209b35e037', '8de1bfdb-cbd2-49fe-ad80-d8d4903226e5', '1e47485f-9580-4989-b619-333ff84574cd', 'signed', 'Ghada Hirzallah', 'Ghada.Hirzallah@sos-palestine.org', NULL, '213.6.99.14, 34.117.33.233, 35.191.8.213,34.38.153.87', 'Mozilla/5.0 (Windows NT 10.0; Win64; x64) AppleWebKit/537.36 (KHTML, like Gecko) Chrome/149.0.0.0 Safari/537.36 Edg/149.0.0.0', '2026-06-22 11:12:44.266');
INSERT INTO document_events ("id", "document_id", "recipient_id", "event_type", "actor_name", "actor_email", "metadata", "ip_address", "user_agent", "created_at")
  VALUES ('83d5dc41-7d10-41a7-a180-b6a03d051dfe', '8de1bfdb-cbd2-49fe-ad80-d8d4903226e5', 'f3172a0e-61bd-4add-a469-e0e80b5cffcd', 'signed', 'Bilal Ali Hasan Alnaeam', 'Bilal.Naeam@sos-palestine.org', NULL, '212.14.248.165, 34.117.33.233, 35.191.9.146,34.79.130.97', 'Mozilla/5.0 (Windows NT 10.0; Win64; x64) AppleWebKit/537.36 (KHTML, like Gecko) Chrome/149.0.0.0 Safari/537.36 Edg/149.0.0.0', '2026-06-22 12:52:39.933');
INSERT INTO document_events ("id", "document_id", "recipient_id", "event_type", "actor_name", "actor_email", "metadata", "ip_address", "user_agent", "created_at")
  VALUES ('20cb75bc-3193-4714-86b9-8ca602ee4dba', '8de1bfdb-cbd2-49fe-ad80-d8d4903226e5', 'c5a93592-cf68-4bf1-92fb-71238415af1d', 'signed', 'Mahmoud Abu Kamal', 'Mahmoud.AbuKamal@sos-palestine.org', NULL, '213.6.99.14, 34.117.33.233, 35.191.8.216,34.38.153.87', 'Mozilla/5.0 (Windows NT 10.0; Win64; x64) AppleWebKit/537.36 (KHTML, like Gecko) Chrome/149.0.0.0 Safari/537.36 Edg/149.0.0.0', '2026-06-22 13:05:14.724');
INSERT INTO document_events ("id", "document_id", "recipient_id", "event_type", "actor_name", "actor_email", "metadata", "ip_address", "user_agent", "created_at")
  VALUES ('d790bd0e-2ef8-4236-9ea3-d589625d515c', '8de1bfdb-cbd2-49fe-ad80-d8d4903226e5', 'f2770a7b-a980-4dda-8e13-d4704ada5265', 'signed', 'Moreed ZD', 'Moreed.Zainaldeen@sos-palestine.org', NULL, '212.14.248.165, 34.117.33.233, 35.191.15.203,104.155.15.251', 'Mozilla/5.0 (Windows NT 10.0; Win64; x64) AppleWebKit/537.36 (KHTML, like Gecko) Chrome/149.0.0.0 Safari/537.36 Edg/149.0.0.0', '2026-06-23 08:20:13.083');
INSERT INTO document_events ("id", "document_id", "recipient_id", "event_type", "actor_name", "actor_email", "metadata", "ip_address", "user_agent", "created_at")
  VALUES ('bf0786e8-11f1-4222-b8ae-de1d4dbacffd', 'f886d08e-3338-44b4-aa7f-9bb952674f90', 'fd8e5db0-15ac-4d55-b4e3-b87d7a082390', 'signed', 'Ammar Kalbiyah', 'Ammar.Kalbiyah@sos-palestine.org', NULL, '213.6.67.214, 34.117.33.233, 35.191.9.144,34.38.194.187', 'Mozilla/5.0 (Windows NT 10.0; Win64; x64) AppleWebKit/537.36 (KHTML, like Gecko) Chrome/149.0.0.0 Safari/537.36 Edg/149.0.0.0', '2026-06-23 09:25:44.893');
INSERT INTO document_events ("id", "document_id", "recipient_id", "event_type", "actor_name", "actor_email", "metadata", "ip_address", "user_agent", "created_at")
  VALUES ('a6d69aca-c723-4fbc-8df6-af68da11ed9b', '21cec804-e8d2-449a-a4d3-0c1d2e8df4e6', 'd555bd80-fe9d-40fb-a6c3-521319d96dea', 'signed', 'Ammar Kalbiyah', 'Ammar.Kalbiyah@sos-palestine.org', NULL, '213.6.67.214, 34.117.33.233, 35.191.4.116,34.14.118.128', 'Mozilla/5.0 (Windows NT 10.0; Win64; x64) AppleWebKit/537.36 (KHTML, like Gecko) Chrome/149.0.0.0 Safari/537.36 Edg/149.0.0.0', '2026-06-23 09:26:12.853');
INSERT INTO document_events ("id", "document_id", "recipient_id", "event_type", "actor_name", "actor_email", "metadata", "ip_address", "user_agent", "created_at")
  VALUES ('09b445fb-c4a6-409c-ad35-c1a6ecd594bc', 'c152fefc-1d13-40f6-900f-2eb55c105185', '9e4bd128-8398-45fc-bab8-3bff56da5940', 'signed', 'Yasser Issa', 'yasser.husni@sos-palestine.org', NULL, '213.6.99.14, 34.117.33.233, 35.191.1.86,35.240.34.47', 'Mozilla/5.0 (Windows NT 10.0; Win64; x64) AppleWebKit/537.36 (KHTML, like Gecko) Chrome/149.0.0.0 Safari/537.36 Edg/149.0.0.0', '2026-06-23 10:08:11.468');
INSERT INTO document_events ("id", "document_id", "recipient_id", "event_type", "actor_name", "actor_email", "metadata", "ip_address", "user_agent", "created_at")
  VALUES ('a502d645-41ae-4d83-9190-b08578822775', '21cec804-e8d2-449a-a4d3-0c1d2e8df4e6', '647f6023-58a3-47bd-a320-d0988cdb49f5', 'signed', 'Yasser Issa', 'Yasser.Husni@sos-palestine.org', NULL, '213.6.99.14, 34.117.33.233, 35.191.2.86,34.22.228.106', 'Mozilla/5.0 (Windows NT 10.0; Win64; x64) AppleWebKit/537.36 (KHTML, like Gecko) Chrome/149.0.0.0 Safari/537.36 Edg/149.0.0.0', '2026-06-23 10:09:59.615');
INSERT INTO document_events ("id", "document_id", "recipient_id", "event_type", "actor_name", "actor_email", "metadata", "ip_address", "user_agent", "created_at")
  VALUES ('59ab0c62-960d-44fc-b647-fe84b0c7c081', '6d270c01-6ec4-4922-8ca4-7d334af98fd9', '84a245de-1b58-49d6-a399-e532a0ffc3d0', 'signed', 'Yasser Issa', 'yasser.husni@sos-palestine.org', NULL, '213.6.99.14, 34.117.33.233, 35.191.0.244,34.38.153.87', 'Mozilla/5.0 (Windows NT 10.0; Win64; x64) AppleWebKit/537.36 (KHTML, like Gecko) Chrome/149.0.0.0 Safari/537.36 Edg/149.0.0.0', '2026-06-23 10:11:10.544');
INSERT INTO document_events ("id", "document_id", "recipient_id", "event_type", "actor_name", "actor_email", "metadata", "ip_address", "user_agent", "created_at")
  VALUES ('5ac0eb11-6cbf-42ab-8f46-3955a03e9c10', '6d270c01-6ec4-4922-8ca4-7d334af98fd9', NULL, 'completed', 'System', NULL, NULL, NULL, NULL, '2026-06-23 10:11:10.809');
INSERT INTO document_events ("id", "document_id", "recipient_id", "event_type", "actor_name", "actor_email", "metadata", "ip_address", "user_agent", "created_at")
  VALUES ('9313ea95-ca62-407f-a518-f0965b657958', '6d270c01-6ec4-4922-8ca4-7d334af98fd9', NULL, 'sealed', 'System', NULL, '{"gcsPath": "gcs://replit-objstore-0a0473d9-4fd3-4e2b-bf79-2f558b2e47f5/sealed/6d270c01-6ec4-4922-8ca4-7d334af98fd9.pdf", "sealedHash": "46695770823990d35709a9d6b504b1f13da74928e23a46d1503f6f8921247e97"}', NULL, NULL, '2026-06-23 10:11:20.736');
INSERT INTO document_events ("id", "document_id", "recipient_id", "event_type", "actor_name", "actor_email", "metadata", "ip_address", "user_agent", "created_at")
  VALUES ('1613d318-2594-4548-aac9-d93da676b3f0', 'f886d08e-3338-44b4-aa7f-9bb952674f90', '925dd09b-5362-4dcc-8646-896ec5ccab12', 'signed', 'Yasser Issa', 'Yasser.Husni@sos-palestine.org', NULL, '213.6.99.14, 34.117.33.233, 35.191.78.147,34.38.153.87', 'Mozilla/5.0 (Windows NT 10.0; Win64; x64) AppleWebKit/537.36 (KHTML, like Gecko) Chrome/149.0.0.0 Safari/537.36 Edg/149.0.0.0', '2026-06-23 10:11:51.282');
INSERT INTO document_events ("id", "document_id", "recipient_id", "event_type", "actor_name", "actor_email", "metadata", "ip_address", "user_agent", "created_at")
  VALUES ('24a97a77-267d-4d9c-8c8d-9b4fcc7c0eb5', '8de1bfdb-cbd2-49fe-ad80-d8d4903226e5', '773d159b-2a12-4271-9d60-bea87c11ae8d', 'signed', 'Yasser Issa', 'Yasser.Husni@sos-palestine.org', NULL, '213.6.99.14, 34.117.33.233, 35.191.0.246,34.14.11.83', 'Mozilla/5.0 (Windows NT 10.0; Win64; x64) AppleWebKit/537.36 (KHTML, like Gecko) Chrome/149.0.0.0 Safari/537.36 Edg/149.0.0.0', '2026-06-23 10:12:13.079');
INSERT INTO document_events ("id", "document_id", "recipient_id", "event_type", "actor_name", "actor_email", "metadata", "ip_address", "user_agent", "created_at")
  VALUES ('00a5653b-bac0-423a-bb23-ac653895b2d3', 'c061ebac-6cb0-4a8c-aefb-19069cf80dc8', 'ec8c7b8a-ea36-4ea2-a09f-5ecd7f6b6370', 'signed', 'Yasser Issa', 'Yasser.Husni@sos-palestine.org', NULL, '213.6.99.14, 34.117.33.233, 35.191.0.221,34.14.11.83', 'Mozilla/5.0 (Windows NT 10.0; Win64; x64) AppleWebKit/537.36 (KHTML, like Gecko) Chrome/149.0.0.0 Safari/537.36 Edg/149.0.0.0', '2026-06-23 10:12:49.987');
INSERT INTO document_events ("id", "document_id", "recipient_id", "event_type", "actor_name", "actor_email", "metadata", "ip_address", "user_agent", "created_at")
  VALUES ('3040ff98-fd32-400a-a3c6-9defd370eec3', '701bd846-eb49-4847-8913-97fe2503b174', 'ce5fa16e-0199-4b6b-a2b4-e4205ff44e06', 'signed', 'Yasser Issa', 'yasser.husni@sos-palestine.org', NULL, '213.6.99.14, 34.117.33.233, 35.191.0.160,34.14.11.83', 'Mozilla/5.0 (Windows NT 10.0; Win64; x64) AppleWebKit/537.36 (KHTML, like Gecko) Chrome/149.0.0.0 Safari/537.36 Edg/149.0.0.0', '2026-06-23 10:21:14.265');
INSERT INTO document_events ("id", "document_id", "recipient_id", "event_type", "actor_name", "actor_email", "metadata", "ip_address", "user_agent", "created_at")
  VALUES ('e5cec253-4b06-41fd-b983-6363cdf57d19', '701bd846-eb49-4847-8913-97fe2503b174', 'f410afb7-20eb-4340-88a9-98b829373ccd', 'signed', 'Ghada Hirzallah', 'Ghada.Hirzallah@sos-palestine.org', NULL, '213.6.99.14, 34.117.33.233, 35.191.81.233,34.38.153.87', 'Mozilla/5.0 (Windows NT 10.0; Win64; x64) AppleWebKit/537.36 (KHTML, like Gecko) Chrome/149.0.0.0 Safari/537.36 Edg/149.0.0.0', '2026-06-23 10:46:26.785');
INSERT INTO document_events ("id", "document_id", "recipient_id", "event_type", "actor_name", "actor_email", "metadata", "ip_address", "user_agent", "created_at")
  VALUES ('63d482c4-8549-48d3-bb11-413376b9a07d', '701bd846-eb49-4847-8913-97fe2503b174', NULL, 'completed', 'System', NULL, NULL, NULL, NULL, '2026-06-23 10:46:27.03');
INSERT INTO document_events ("id", "document_id", "recipient_id", "event_type", "actor_name", "actor_email", "metadata", "ip_address", "user_agent", "created_at")
  VALUES ('3b6bdd4e-baaa-4d0f-92e7-be71aeeb9619', '701bd846-eb49-4847-8913-97fe2503b174', NULL, 'sealed', 'System', NULL, '{"gcsPath": "gcs://replit-objstore-0a0473d9-4fd3-4e2b-bf79-2f558b2e47f5/sealed/701bd846-eb49-4847-8913-97fe2503b174.pdf", "sealedHash": "975a033ae6a0ccaea8b1dbe4fb741b110625e2e545dc8931020398045f022b55"}', NULL, NULL, '2026-06-23 10:46:37.87');
INSERT INTO document_events ("id", "document_id", "recipient_id", "event_type", "actor_name", "actor_email", "metadata", "ip_address", "user_agent", "created_at")
  VALUES ('f078f199-4a77-4311-be52-e5b64e8b6e73', 'c152fefc-1d13-40f6-900f-2eb55c105185', 'ccee22e2-4377-4a9b-9d56-e09709508f71', 'signed', 'Ghada Hirzallah', 'Ghada.Hirzallah@sos-palestine.org', NULL, '213.6.99.14, 34.117.33.233, 35.191.1.122,34.14.118.128', 'Mozilla/5.0 (Windows NT 10.0; Win64; x64) AppleWebKit/537.36 (KHTML, like Gecko) Chrome/149.0.0.0 Safari/537.36 Edg/149.0.0.0', '2026-06-23 10:47:21.01');
INSERT INTO document_events ("id", "document_id", "recipient_id", "event_type", "actor_name", "actor_email", "metadata", "ip_address", "user_agent", "created_at")
  VALUES ('e7233774-6959-4edd-8318-852a5bddcc9c', 'c152fefc-1d13-40f6-900f-2eb55c105185', NULL, 'completed', 'System', NULL, NULL, NULL, NULL, '2026-06-23 10:47:21.226');
INSERT INTO document_events ("id", "document_id", "recipient_id", "event_type", "actor_name", "actor_email", "metadata", "ip_address", "user_agent", "created_at")
  VALUES ('e6d919fc-0e07-48c5-adf3-f3410d11ab00', 'c152fefc-1d13-40f6-900f-2eb55c105185', NULL, 'sealed', 'System', NULL, '{"gcsPath": "gcs://replit-objstore-0a0473d9-4fd3-4e2b-bf79-2f558b2e47f5/sealed/c152fefc-1d13-40f6-900f-2eb55c105185.pdf", "sealedHash": "39c808cabaa382753258a6b0c17db17e19747885e5b8fd580b6cad6bdbe93912"}', NULL, NULL, '2026-06-23 10:47:31.205');
INSERT INTO document_events ("id", "document_id", "recipient_id", "event_type", "actor_name", "actor_email", "metadata", "ip_address", "user_agent", "created_at")
  VALUES ('be09df3f-c668-4eed-8a8d-24856d8a4d58', 'f9b87f7e-6a12-4fb0-9e9e-c8bfa7762823', '89767868-9163-4df6-8ae2-7640afbd5751', 'signed', 'Moreed ZD', 'Moreed.Zainaldeen@sos-palestine.org', NULL, '212.14.248.165, 34.117.33.233, 35.191.0.244,34.79.130.97', 'Mozilla/5.0 (Windows NT 10.0; Win64; x64) AppleWebKit/537.36 (KHTML, like Gecko) Chrome/149.0.0.0 Safari/537.36 Edg/149.0.0.0', '2026-06-23 11:03:18.683');

